country_region_code,country_region,sub_region_1,sub_region_2,metro_area,iso_3166_2_code,census_fips_code,place_id,date,retail_and_recreation_percent_change_from_baseline,grocery_and_pharmacy_percent_change_from_baseline,parks_percent_change_from_baseline,transit_stations_percent_change_from_baseline,workplaces_percent_change_from_baseline,residential_percent_change_from_baseline
AE,United Arab Emirates,,,,,,ChIJvRKrsd9IXj4RpwoIwFYv0zM,15/02/2020,0,4,5,0,2,1
AE,United Arab Emirates,,,,,,ChIJvRKrsd9IXj4RpwoIwFYv0zM,16/02/2020,1,4,4,1,2,1
AE,United Arab Emirates,,,,,,ChIJvRKrsd9IXj4RpwoIwFYv0zM,17/02/2020,-1,1,5,1,2,1
AE,United Arab Emirates,,,,,,ChIJvRKrsd9IXj4RpwoIwFYv0zM,18/02/2020,-2,1,5,0,2,1
AE,United Arab Emirates,,,,,,ChIJvRKrsd9IXj4RpwoIwFYv0zM,19/02/2020,-2,0,4,-1,2,1
AE,United Arab Emirates,,,,,,ChIJvRKrsd9IXj4RpwoIwFYv0zM,20/02/2020,-2,1,6,1,1,1
AE,United Arab Emirates,,,,,,ChIJvRKrsd9IXj4RpwoIwFYv0zM,21/02/2020,-3,2,6,0,-1,1
AE,United Arab Emirates,,,,,,ChIJvRKrsd9IXj4RpwoIwFYv0zM,22/02/2020,-2,2,4,-2,3,1
AE,United Arab Emirates,,,,,,ChIJvRKrsd9IXj4RpwoIwFYv0zM,23/02/2020,-1,3,3,-1,4,1
AE,United Arab Emirates,,,,,,ChIJvRKrsd9IXj4RpwoIwFYv0zM,24/02/2020,-3,0,5,-1,3,1
AE,United Arab Emirates,,,,,,ChIJvRKrsd9IXj4RpwoIwFYv0zM,25/02/2020,-3,2,3,-2,3,1
AE,United Arab Emirates,,,,,,ChIJvRKrsd9IXj4RpwoIwFYv0zM,26/02/2020,-2,1,-3,-2,3,1
AE,United Arab Emirates,,,,,,ChIJvRKrsd9IXj4RpwoIwFYv0zM,27/02/2020,1,5,-1,-1,3,1
AE,United Arab Emirates,,,,,,ChIJvRKrsd9IXj4RpwoIwFYv0zM,28/02/2020,1,5,-1,-1,1,1
AE,United Arab Emirates,,,,,,ChIJvRKrsd9IXj4RpwoIwFYv0zM,29/02/2020,2,7,-1,-1,5,0
AE,United Arab Emirates,,,,,,ChIJvRKrsd9IXj4RpwoIwFYv0zM,1/3/2020,3,10,2,-1,4,1
AE,United Arab Emirates,,,,,,ChIJvRKrsd9IXj4RpwoIwFYv0zM,2/3/2020,0,7,1,-2,4,1
AE,United Arab Emirates,,,,,,ChIJvRKrsd9IXj4RpwoIwFYv0zM,3/3/2020,0,6,0,-5,4,1
AE,United Arab Emirates,,,,,,ChIJvRKrsd9IXj4RpwoIwFYv0zM,4/3/2020,-1,7,-2,-5,3,2
AE,United Arab Emirates,,,,,,ChIJvRKrsd9IXj4RpwoIwFYv0zM,5/3/2020,-3,6,-2,-5,3,2
AE,United Arab Emirates,,,,,,ChIJvRKrsd9IXj4RpwoIwFYv0zM,6/3/2020,-7,5,-8,-9,0,3
AE,United Arab Emirates,,,,,,ChIJvRKrsd9IXj4RpwoIwFYv0zM,7/3/2020,-3,6,1,-8,4,2
AE,United Arab Emirates,,,,,,ChIJvRKrsd9IXj4RpwoIwFYv0zM,8/3/2020,1,8,6,-9,-1,3
AE,United Arab Emirates,,,,,,ChIJvRKrsd9IXj4RpwoIwFYv0zM,9/3/2020,-3,4,4,-10,-1,4
AE,United Arab Emirates,,,,,,ChIJvRKrsd9IXj4RpwoIwFYv0zM,10/3/2020,-4,6,3,-11,-2,4
AE,United Arab Emirates,,,,,,ChIJvRKrsd9IXj4RpwoIwFYv0zM,11/3/2020,-4,5,0,-12,-2,4
AE,United Arab Emirates,,,,,,ChIJvRKrsd9IXj4RpwoIwFYv0zM,12/3/2020,-8,6,-6,-15,-3,5
AE,United Arab Emirates,,,,,,ChIJvRKrsd9IXj4RpwoIwFYv0zM,13/03/2020,-16,3,-15,-20,-2,5
AE,United Arab Emirates,,,,,,ChIJvRKrsd9IXj4RpwoIwFYv0zM,14/03/2020,-12,4,-12,-17,2,4
AE,United Arab Emirates,,,,,,ChIJvRKrsd9IXj4RpwoIwFYv0zM,15/03/2020,-6,11,-11,-15,-4,5
AE,United Arab Emirates,,,,,,ChIJvRKrsd9IXj4RpwoIwFYv0zM,16/03/2020,-11,8,-14,-17,-6,6
AE,United Arab Emirates,,,,,,ChIJvRKrsd9IXj4RpwoIwFYv0zM,17/03/2020,-16,5,-18,-22,-9,7
AE,United Arab Emirates,,,,,,ChIJvRKrsd9IXj4RpwoIwFYv0zM,18/03/2020,-19,2,-19,-25,-11,9
AE,United Arab Emirates,,,,,,ChIJvRKrsd9IXj4RpwoIwFYv0zM,19/03/2020,-24,-1,-26,-31,-12,11
AE,United Arab Emirates,,,,,,ChIJvRKrsd9IXj4RpwoIwFYv0zM,20/03/2020,-37,-11,-45,-44,-12,11
AE,United Arab Emirates,,,,,,ChIJvRKrsd9IXj4RpwoIwFYv0zM,21/03/2020,-32,-12,-37,-42,-8,10
AE,United Arab Emirates,,,,,,ChIJvRKrsd9IXj4RpwoIwFYv0zM,22/03/2020,-30,-13,-36,-45,-17,13
AE,United Arab Emirates,,,,,,ChIJvRKrsd9IXj4RpwoIwFYv0zM,23/03/2020,-27,14,-38,-46,-20,14
AE,United Arab Emirates,,,,,,ChIJvRKrsd9IXj4RpwoIwFYv0zM,24/03/2020,-39,-6,-43,-53,-28,17
AE,United Arab Emirates,,,,,,ChIJvRKrsd9IXj4RpwoIwFYv0zM,25/03/2020,-50,-18,-47,-60,-35,21
AE,United Arab Emirates,,,,,,ChIJvRKrsd9IXj4RpwoIwFYv0zM,26/03/2020,-55,-13,-54,-67,-40,25
AE,United Arab Emirates,,,,,,ChIJvRKrsd9IXj4RpwoIwFYv0zM,27/03/2020,-80,-60,-80,-84,-52,25
AE,United Arab Emirates,,,,,,ChIJvRKrsd9IXj4RpwoIwFYv0zM,28/03/2020,-72,-47,-68,-80,-56,28
AE,United Arab Emirates,,,,,,ChIJvRKrsd9IXj4RpwoIwFYv0zM,29/03/2020,-55,-26,-53,-69,-45,26
AE,United Arab Emirates,,,,,,ChIJvRKrsd9IXj4RpwoIwFYv0zM,30/03/2020,-57,-27,-53,-69,-46,25
AE,United Arab Emirates,,,,,,ChIJvRKrsd9IXj4RpwoIwFYv0zM,31/03/2020,-56,-26,-53,-69,-46,25
AE,United Arab Emirates,,,,,,ChIJvRKrsd9IXj4RpwoIwFYv0zM,1/4/2020,-56,-24,-53,-70,-46,25
AE,United Arab Emirates,,,,,,ChIJvRKrsd9IXj4RpwoIwFYv0zM,2/4/2020,-58,-25,-56,-71,-47,28
AE,United Arab Emirates,,,,,,ChIJvRKrsd9IXj4RpwoIwFYv0zM,3/4/2020,-69,-39,-75,-79,-44,22
AE,United Arab Emirates,,,,,,ChIJvRKrsd9IXj4RpwoIwFYv0zM,4/4/2020,-58,-27,-58,-72,-37,21
AE,United Arab Emirates,,,,,,ChIJvRKrsd9IXj4RpwoIwFYv0zM,5/4/2020,-61,-30,-58,-79,-57,31
AE,United Arab Emirates,,,,,,ChIJvRKrsd9IXj4RpwoIwFYv0zM,6/4/2020,-63,-32,-58,-78,-56,30
AE,United Arab Emirates,,,,,,ChIJvRKrsd9IXj4RpwoIwFYv0zM,7/4/2020,-63,-30,-73,-78,-55,30
AE,United Arab Emirates,,,,,,ChIJvRKrsd9IXj4RpwoIwFYv0zM,8/4/2020,-63,-30,-74,-78,-55,30
AE,United Arab Emirates,,,,,,ChIJvRKrsd9IXj4RpwoIwFYv0zM,9/4/2020,-64,-31,-76,-79,-55,33
AE,United Arab Emirates,,,,,,ChIJvRKrsd9IXj4RpwoIwFYv0zM,10/4/2020,-74,-46,-86,-84,-49,23
AE,United Arab Emirates,,,,,,ChIJvRKrsd9IXj4RpwoIwFYv0zM,11/4/2020,-64,-32,-77,-79,-45,24
AE,United Arab Emirates,,,,,,ChIJvRKrsd9IXj4RpwoIwFYv0zM,12/4/2020,-60,-28,-74,-79,-55,30
AE,United Arab Emirates,,,,,,ChIJvRKrsd9IXj4RpwoIwFYv0zM,13/04/2020,-62,-30,-73,-78,-55,30
AE,United Arab Emirates,,,,,,ChIJvRKrsd9IXj4RpwoIwFYv0zM,14/04/2020,-62,-31,-74,-78,-55,30
AE,United Arab Emirates,,,,,,ChIJvRKrsd9IXj4RpwoIwFYv0zM,15/04/2020,-63,-32,-74,-78,-56,31
AE,United Arab Emirates,,,,,,ChIJvRKrsd9IXj4RpwoIwFYv0zM,16/04/2020,-63,-32,-74,-79,-55,34
AE,United Arab Emirates,,,,,,ChIJvRKrsd9IXj4RpwoIwFYv0zM,17/04/2020,-73,-45,-85,-84,-48,23
AE,United Arab Emirates,,,,,,ChIJvRKrsd9IXj4RpwoIwFYv0zM,18/04/2020,-66,-39,-78,-78,-45,24
AE,United Arab Emirates,,,,,,ChIJvRKrsd9IXj4RpwoIwFYv0zM,19/04/2020,-62,-35,-74,-78,-54,30
AE,United Arab Emirates,,,,,,ChIJvRKrsd9IXj4RpwoIwFYv0zM,20/04/2020,-63,-37,-74,-78,-55,30
AE,United Arab Emirates,,,,,,ChIJvRKrsd9IXj4RpwoIwFYv0zM,21/04/2020,-63,-35,-74,-78,-55,30
AE,United Arab Emirates,,,,,,ChIJvRKrsd9IXj4RpwoIwFYv0zM,22/04/2020,-62,-33,-75,-77,-55,30
AE,United Arab Emirates,,,,,,ChIJvRKrsd9IXj4RpwoIwFYv0zM,23/04/2020,-62,-29,-76,-77,-55,32
AE,United Arab Emirates,,,,,,ChIJvRKrsd9IXj4RpwoIwFYv0zM,24/04/2020,-72,-40,-86,-80,-47,24
AE,United Arab Emirates,,,,,,ChIJvRKrsd9IXj4RpwoIwFYv0zM,25/04/2020,-62,-32,-77,-74,-41,25
AE,United Arab Emirates,,,,,,ChIJvRKrsd9IXj4RpwoIwFYv0zM,26/04/2020,-56,-26,-73,-69,-49,30
AE,United Arab Emirates,,,,,,ChIJvRKrsd9IXj4RpwoIwFYv0zM,27/04/2020,-57,-28,-73,-68,-48,30
AE,United Arab Emirates,,,,,,ChIJvRKrsd9IXj4RpwoIwFYv0zM,28/04/2020,-56,-26,-72,-67,-48,28
AE,United Arab Emirates,,,,,,ChIJvRKrsd9IXj4RpwoIwFYv0zM,29/04/2020,-55,-24,-72,-67,-47,29
AE,United Arab Emirates,,,,,,ChIJvRKrsd9IXj4RpwoIwFYv0zM,30/04/2020,-57,-26,-71,-66,-47,31
AE,United Arab Emirates,,,,,,ChIJvRKrsd9IXj4RpwoIwFYv0zM,1/5/2020,-66,-36,-83,-73,-41,22
AE,United Arab Emirates,,,,,,ChIJvRKrsd9IXj4RpwoIwFYv0zM,2/5/2020,-56,-26,-72,-66,-34,22
AE,United Arab Emirates,,,,,,ChIJvRKrsd9IXj4RpwoIwFYv0zM,3/5/2020,-51,-22,-68,-65,-45,27
AE,United Arab Emirates,,,,,,ChIJvRKrsd9IXj4RpwoIwFYv0zM,4/5/2020,-52,-24,-68,-65,-45,28
AE,United Arab Emirates,,,,,,ChIJvRKrsd9IXj4RpwoIwFYv0zM,5/5/2020,-53,-23,-68,-64,-45,27
AE,United Arab Emirates,,,,,,ChIJvRKrsd9IXj4RpwoIwFYv0zM,6/5/2020,-51,-20,-67,-62,-44,28
AE,United Arab Emirates,,,,,,ChIJvRKrsd9IXj4RpwoIwFYv0zM,7/5/2020,-53,-23,-68,-63,-44,30
AE,United Arab Emirates,,,,,,ChIJvRKrsd9IXj4RpwoIwFYv0zM,8/5/2020,-63,-35,-81,-72,-38,21
AE,United Arab Emirates,,,,,,ChIJvRKrsd9IXj4RpwoIwFYv0zM,9/5/2020,-53,-25,-70,-63,-31,22
AE,United Arab Emirates,,,,,,ChIJvRKrsd9IXj4RpwoIwFYv0zM,10/5/2020,-48,-19,-66,-61,-42,27
AE,United Arab Emirates,,,,,,ChIJvRKrsd9IXj4RpwoIwFYv0zM,11/5/2020,-51,-22,-66,-61,-43,28
AE,United Arab Emirates,,,,,,ChIJvRKrsd9IXj4RpwoIwFYv0zM,12/5/2020,-50,-20,-66,-61,-43,28
AE,United Arab Emirates,,,,,,ChIJvRKrsd9IXj4RpwoIwFYv0zM,13/05/2020,-51,-21,-66,-61,-43,28
AE,United Arab Emirates,,,,,,ChIJvRKrsd9IXj4RpwoIwFYv0zM,14/05/2020,-53,-20,-67,-61,-43,29
AE,United Arab Emirates,,,,,,ChIJvRKrsd9IXj4RpwoIwFYv0zM,15/05/2020,-62,-32,-80,-70,-35,21
AE,United Arab Emirates,,,,,,ChIJvRKrsd9IXj4RpwoIwFYv0zM,16/05/2020,-51,-21,-68,-61,-29,21
AE,United Arab Emirates,,,,,,ChIJvRKrsd9IXj4RpwoIwFYv0zM,17/05/2020,-47,-16,-64,-60,-41,27
AE,United Arab Emirates,,,,,,ChIJvRKrsd9IXj4RpwoIwFYv0zM,18/05/2020,-48,-18,-64,-59,-42,27
AE,United Arab Emirates,,,,,,ChIJvRKrsd9IXj4RpwoIwFYv0zM,19/05/2020,-49,-19,-65,-60,-42,27
AE,United Arab Emirates,,,,,,ChIJvRKrsd9IXj4RpwoIwFYv0zM,20/05/2020,-53,-22,-67,-61,-44,28
AE,United Arab Emirates,,,,,,ChIJvRKrsd9IXj4RpwoIwFYv0zM,21/05/2020,-53,-20,-69,-61,-43,30
AE,United Arab Emirates,,,,,,ChIJvRKrsd9IXj4RpwoIwFYv0zM,22/05/2020,-59,-27,-81,-69,-33,21
AE,United Arab Emirates,,,,,,ChIJvRKrsd9IXj4RpwoIwFYv0zM,23/05/2020,-52,-17,-73,-66,-47,25
AE,United Arab Emirates,,,,,,ChIJvRKrsd9IXj4RpwoIwFYv0zM,24/05/2020,-56,-31,-68,-72,-77,36
AE,United Arab Emirates,,,,,,ChIJvRKrsd9IXj4RpwoIwFYv0zM,25/05/2020,-52,-23,-65,-69,-73,34
AE,United Arab Emirates,,,,,,ChIJvRKrsd9IXj4RpwoIwFYv0zM,26/05/2020,-50,-23,-66,-66,-63,31
AE,United Arab Emirates,,,,,,ChIJvRKrsd9IXj4RpwoIwFYv0zM,27/05/2020,-44,-18,-63,-55,-38,23
AE,United Arab Emirates,,,,,,ChIJvRKrsd9IXj4RpwoIwFYv0zM,28/05/2020,-46,-19,-64,-56,-37,25
AE,United Arab Emirates,,,,,,ChIJvRKrsd9IXj4RpwoIwFYv0zM,29/05/2020,-55,-29,-73,-64,-29,19
AE,United Arab Emirates,,,,,,ChIJvRKrsd9IXj4RpwoIwFYv0zM,30/05/2020,-42,-17,-62,-55,-20,16
AE,United Arab Emirates,,,,,,ChIJvRKrsd9IXj4RpwoIwFYv0zM,31/05/2020,-35,-9,-58,-52,-32,20
AE,United Arab Emirates,,,,,,ChIJvRKrsd9IXj4RpwoIwFYv0zM,1/6/2020,-37,-10,-57,-51,-32,20
AE,United Arab Emirates,,,,,,ChIJvRKrsd9IXj4RpwoIwFYv0zM,2/6/2020,-38,-12,-58,-52,-32,21
AE,United Arab Emirates,,,,,,ChIJvRKrsd9IXj4RpwoIwFYv0zM,3/6/2020,-38,-12,-57,-51,-32,21
AE,United Arab Emirates,,,,,,ChIJvRKrsd9IXj4RpwoIwFYv0zM,4/6/2020,-41,-14,-60,-52,-31,23
AE,United Arab Emirates,,,,,,ChIJvRKrsd9IXj4RpwoIwFYv0zM,5/6/2020,-49,-23,-68,-61,-26,17
AE,United Arab Emirates,,,,,,ChIJvRKrsd9IXj4RpwoIwFYv0zM,6/6/2020,-39,-15,-60,-54,-18,16
AE,United Arab Emirates,,,,,,ChIJvRKrsd9IXj4RpwoIwFYv0zM,7/6/2020,-35,-9,-56,-51,-30,20
AE,United Arab Emirates,,,,,,ChIJvRKrsd9IXj4RpwoIwFYv0zM,8/6/2020,-37,-13,-56,-50,-29,20
AE,United Arab Emirates,,,,,,ChIJvRKrsd9IXj4RpwoIwFYv0zM,9/6/2020,-39,-14,-57,-52,-29,20
AE,United Arab Emirates,,,,,,ChIJvRKrsd9IXj4RpwoIwFYv0zM,10/6/2020,-38,-13,-56,-52,-30,20
AE,United Arab Emirates,,,,,,ChIJvRKrsd9IXj4RpwoIwFYv0zM,11/6/2020,-40,-13,-57,-52,-29,22
AE,United Arab Emirates,,,,,,ChIJvRKrsd9IXj4RpwoIwFYv0zM,12/6/2020,-48,-23,-66,-60,-23,16
AE,United Arab Emirates,,,,,,ChIJvRKrsd9IXj4RpwoIwFYv0zM,13/06/2020,-38,-15,-57,-53,-16,15
AE,United Arab Emirates,,,,,,ChIJvRKrsd9IXj4RpwoIwFYv0zM,14/06/2020,-34,-10,-54,-50,-28,19
AE,United Arab Emirates,,,,,,ChIJvRKrsd9IXj4RpwoIwFYv0zM,15/06/2020,-36,-13,-53,-50,-27,19
AE,United Arab Emirates,,,,,,ChIJvRKrsd9IXj4RpwoIwFYv0zM,16/06/2020,-36,-12,-53,-50,-27,19
AE,United Arab Emirates,,,,,,ChIJvRKrsd9IXj4RpwoIwFYv0zM,17/06/2020,-37,-12,-54,-50,-27,19
AE,United Arab Emirates,,,,,,ChIJvRKrsd9IXj4RpwoIwFYv0zM,18/06/2020,-39,-14,-56,-51,-27,20
AE,United Arab Emirates,,,,,,ChIJvRKrsd9IXj4RpwoIwFYv0zM,19/06/2020,-46,-22,-66,-58,-21,16
AE,United Arab Emirates,,,,,,ChIJvRKrsd9IXj4RpwoIwFYv0zM,20/06/2020,-37,-15,-57,-52,-15,14
AE,United Arab Emirates,,,,,,ChIJvRKrsd9IXj4RpwoIwFYv0zM,21/06/2020,-33,-11,-52,-50,-27,18
AE,United Arab Emirates,,,,,,ChIJvRKrsd9IXj4RpwoIwFYv0zM,22/06/2020,-35,-13,-51,-48,-27,18
AE,United Arab Emirates,,,,,,ChIJvRKrsd9IXj4RpwoIwFYv0zM,23/06/2020,-34,-12,-51,-48,-27,18
AE,United Arab Emirates,,,,,,ChIJvRKrsd9IXj4RpwoIwFYv0zM,24/06/2020,-35,-12,-52,-48,-26,18
AE,United Arab Emirates,,,,,,ChIJvRKrsd9IXj4RpwoIwFYv0zM,25/06/2020,-33,-10,-53,-47,-25,19
AE,United Arab Emirates,,,,,,ChIJvRKrsd9IXj4RpwoIwFYv0zM,26/06/2020,-40,-18,-62,-54,-18,14
AE,United Arab Emirates,,,,,,ChIJvRKrsd9IXj4RpwoIwFYv0zM,27/06/2020,-32,-11,-55,-48,-14,13
AE,United Arab Emirates,,,,,,ChIJvRKrsd9IXj4RpwoIwFYv0zM,28/06/2020,-28,-7,-51,-47,-24,16
AE,United Arab Emirates,,,,,,ChIJvRKrsd9IXj4RpwoIwFYv0zM,29/06/2020,-29,-8,-49,-46,-24,16
AE,United Arab Emirates,,,,,,ChIJvRKrsd9IXj4RpwoIwFYv0zM,30/06/2020,-28,-6,-46,-47,-24,15
AE,United Arab Emirates,,,,,,ChIJvRKrsd9IXj4RpwoIwFYv0zM,1/7/2020,-28,-6,-47,-47,-24,15
AE,United Arab Emirates,,,,,,ChIJvRKrsd9IXj4RpwoIwFYv0zM,2/7/2020,-29,-5,-48,-47,-24,17
AE,United Arab Emirates,,,,,,ChIJvRKrsd9IXj4RpwoIwFYv0zM,3/7/2020,-36,-14,-58,-54,-17,13
AE,United Arab Emirates,,,,,,ChIJvRKrsd9IXj4RpwoIwFYv0zM,4/7/2020,-29,-8,-50,-49,-12,11
AE,United Arab Emirates,,,,,,ChIJvRKrsd9IXj4RpwoIwFYv0zM,5/7/2020,-24,-3,-45,-47,-24,14
AE,United Arab Emirates,,,,,,ChIJvRKrsd9IXj4RpwoIwFYv0zM,6/7/2020,-27,-6,-45,-46,-23,15
AE,United Arab Emirates,,,,,,ChIJvRKrsd9IXj4RpwoIwFYv0zM,7/7/2020,-27,-5,-45,-45,-24,15
AE,United Arab Emirates,,,,,,ChIJvRKrsd9IXj4RpwoIwFYv0zM,8/7/2020,-29,-8,-46,-47,-23,15
AE,United Arab Emirates,,,,,,ChIJvRKrsd9IXj4RpwoIwFYv0zM,9/7/2020,-29,-7,-48,-46,-24,16
AE,United Arab Emirates,,,,,,ChIJvRKrsd9IXj4RpwoIwFYv0zM,10/7/2020,-35,-14,-58,-54,-15,12
AE,United Arab Emirates,,,,,,ChIJvRKrsd9IXj4RpwoIwFYv0zM,11/7/2020,-28,-8,-50,-49,-11,11
AE,United Arab Emirates,,,,,,ChIJvRKrsd9IXj4RpwoIwFYv0zM,12/7/2020,-24,-4,-44,-45,-23,14
AE,United Arab Emirates,,,,,,ChIJvRKrsd9IXj4RpwoIwFYv0zM,13/07/2020,-26,-7,-45,-45,-23,14
AE,United Arab Emirates,,,,,,ChIJvRKrsd9IXj4RpwoIwFYv0zM,14/07/2020,-27,-7,-45,-46,-24,14
AE,United Arab Emirates,,,,,,ChIJvRKrsd9IXj4RpwoIwFYv0zM,15/07/2020,-26,-7,-43,-46,-23,14
AE,United Arab Emirates,,,,,,ChIJvRKrsd9IXj4RpwoIwFYv0zM,16/07/2020,-28,-6,-46,-46,-22,15
AE,United Arab Emirates,,,,,,ChIJvRKrsd9IXj4RpwoIwFYv0zM,17/07/2020,-34,-14,-56,-54,-15,12
AE,United Arab Emirates,,,,,,ChIJvRKrsd9IXj4RpwoIwFYv0zM,18/07/2020,-28,-9,-48,-49,-11,11
AE,United Arab Emirates,,,,,,ChIJvRKrsd9IXj4RpwoIwFYv0zM,19/07/2020,-23,-4,-42,-45,-22,13
AE,United Arab Emirates,,,,,,ChIJvRKrsd9IXj4RpwoIwFYv0zM,20/07/2020,-25,-7,-42,-45,-22,13
AE,United Arab Emirates,,,,,,ChIJvRKrsd9IXj4RpwoIwFYv0zM,21/07/2020,-27,-9,-44,-46,-23,13
AE,United Arab Emirates,,,,,,ChIJvRKrsd9IXj4RpwoIwFYv0zM,22/07/2020,-27,-9,-44,-45,-22,13
AE,United Arab Emirates,,,,,,ChIJvRKrsd9IXj4RpwoIwFYv0zM,23/07/2020,-27,-7,-45,-45,-22,14
AE,United Arab Emirates,,,,,,ChIJvRKrsd9IXj4RpwoIwFYv0zM,24/07/2020,-33,-15,-55,-52,-13,12
AE,United Arab Emirates,,,,,,ChIJvRKrsd9IXj4RpwoIwFYv0zM,25/07/2020,-25,-8,-46,-46,-11,10
AE,United Arab Emirates,,,,,,ChIJvRKrsd9IXj4RpwoIwFYv0zM,26/07/2020,-21,-3,-41,-43,-22,12
AE,United Arab Emirates,,,,,,ChIJvRKrsd9IXj4RpwoIwFYv0zM,27/07/2020,-21,-3,-41,-43,-22,12
AE,United Arab Emirates,,,,,,ChIJvRKrsd9IXj4RpwoIwFYv0zM,28/07/2020,-19,0,-42,-43,-22,11
AE,United Arab Emirates,,,,,,ChIJvRKrsd9IXj4RpwoIwFYv0zM,29/07/2020,-12,11,-39,-39,-22,9
AE,United Arab Emirates,,,,,,ChIJvRKrsd9IXj4RpwoIwFYv0zM,30/07/2020,-21,13,-46,-51,-58,26
AE,United Arab Emirates,,,,,,ChIJvRKrsd9IXj4RpwoIwFYv0zM,31/07/2020,-31,-15,-46,-47,-22,9
AE,United Arab Emirates,,,,,,ChIJvRKrsd9IXj4RpwoIwFYv0zM,1/8/2020,-22,-6,-29,-49,-53,17
AE,United Arab Emirates,,,,,,ChIJvRKrsd9IXj4RpwoIwFYv0zM,2/8/2020,-15,5,-34,-53,-59,22
AE,United Arab Emirates,,,,,,ChIJvRKrsd9IXj4RpwoIwFYv0zM,3/8/2020,-22,-4,-41,-43,-23,12
AE,United Arab Emirates,,,,,,ChIJvRKrsd9IXj4RpwoIwFYv0zM,4/8/2020,-22,-4,-42,-42,-23,12
AE,United Arab Emirates,,,,,,ChIJvRKrsd9IXj4RpwoIwFYv0zM,5/8/2020,-22,-4,-42,-41,-22,12
AE,United Arab Emirates,,,,,,ChIJvRKrsd9IXj4RpwoIwFYv0zM,6/8/2020,-24,-6,-45,-42,-22,13
AE,United Arab Emirates,,,,,,ChIJvRKrsd9IXj4RpwoIwFYv0zM,7/8/2020,-33,-15,-57,-51,-14,11
AE,United Arab Emirates,,,,,,ChIJvRKrsd9IXj4RpwoIwFYv0zM,8/8/2020,-24,-7,-45,-44,-12,9
AE,United Arab Emirates,,,,,,ChIJvRKrsd9IXj4RpwoIwFYv0zM,9/8/2020,-18,-1,-38,-41,-21,11
AE,United Arab Emirates,,,,,,ChIJvRKrsd9IXj4RpwoIwFYv0zM,10/8/2020,-21,-5,-39,-40,-22,11
AE,United Arab Emirates,,,,,,ChIJvRKrsd9IXj4RpwoIwFYv0zM,11/8/2020,-23,-6,-41,-43,-22,11
AE,United Arab Emirates,,,,,,ChIJvRKrsd9IXj4RpwoIwFYv0zM,12/8/2020,-22,-6,-41,-43,-22,11
AE,United Arab Emirates,,,,,,ChIJvRKrsd9IXj4RpwoIwFYv0zM,13/08/2020,-23,-5,-42,-42,-22,12
AE,United Arab Emirates,,,,,,ChIJvRKrsd9IXj4RpwoIwFYv0zM,14/08/2020,-30,-12,-53,-49,-14,10
AE,United Arab Emirates,,,,,,ChIJvRKrsd9IXj4RpwoIwFYv0zM,15/08/2020,-24,-7,-45,-43,-12,8
AE,United Arab Emirates,,,,,,ChIJvRKrsd9IXj4RpwoIwFYv0zM,16/08/2020,-19,-3,-39,-42,-22,10
AE,United Arab Emirates,,,,,,ChIJvRKrsd9IXj4RpwoIwFYv0zM,17/08/2020,-22,-6,-40,-42,-22,11
AE,United Arab Emirates,,,,,,ChIJvRKrsd9IXj4RpwoIwFYv0zM,18/08/2020,-23,-7,-42,-42,-21,11
AE,United Arab Emirates,,,,,,ChIJvRKrsd9IXj4RpwoIwFYv0zM,19/08/2020,-23,-7,-42,-42,-21,11
AE,United Arab Emirates,,,,,,ChIJvRKrsd9IXj4RpwoIwFYv0zM,20/08/2020,-26,-9,-45,-43,-22,12
AE,United Arab Emirates,,,,,,ChIJvRKrsd9IXj4RpwoIwFYv0zM,21/08/2020,-33,-16,-56,-50,-14,10
AE,United Arab Emirates,,,,,,ChIJvRKrsd9IXj4RpwoIwFYv0zM,22/08/2020,-23,-9,-43,-44,-15,8
AE,United Arab Emirates,,,,,,ChIJvRKrsd9IXj4RpwoIwFYv0zM,23/08/2020,-19,1,-37,-53,-58,22
AE,United Arab Emirates,,,,,,ChIJvRKrsd9IXj4RpwoIwFYv0zM,24/08/2020,-25,-10,-42,-42,-20,10
AE,United Arab Emirates,,,,,,ChIJvRKrsd9IXj4RpwoIwFYv0zM,25/08/2020,-24,-8,-41,-41,-21,10
AE,United Arab Emirates,,,,,,ChIJvRKrsd9IXj4RpwoIwFYv0zM,26/08/2020,-23,-7,-41,-41,-20,10
AE,United Arab Emirates,,,,,,ChIJvRKrsd9IXj4RpwoIwFYv0zM,27/08/2020,-22,-5,-42,-41,-20,11
AE,United Arab Emirates,,,,,,ChIJvRKrsd9IXj4RpwoIwFYv0zM,28/08/2020,-30,-11,-55,-47,-13,10
AE,United Arab Emirates,,,,,,ChIJvRKrsd9IXj4RpwoIwFYv0zM,29/08/2020,-23,-5,-46,-42,-11,8
AE,United Arab Emirates,,,,,,ChIJvRKrsd9IXj4RpwoIwFYv0zM,30/08/2020,-18,2,-38,-40,-21,9
AE,United Arab Emirates,,,,,,ChIJvRKrsd9IXj4RpwoIwFYv0zM,31/08/2020,-21,-3,-40,-41,-22,10
AE,United Arab Emirates,,,,,,ChIJvRKrsd9IXj4RpwoIwFYv0zM,1/9/2020,-22,-3,-40,-40,-21,10
AE,United Arab Emirates,,,,,,ChIJvRKrsd9IXj4RpwoIwFYv0zM,2/9/2020,-22,-4,-40,-41,-21,10
AE,United Arab Emirates,,,,,,ChIJvRKrsd9IXj4RpwoIwFYv0zM,3/9/2020,-22,-3,-40,-41,-21,10
AE,United Arab Emirates,,,,,,ChIJvRKrsd9IXj4RpwoIwFYv0zM,4/9/2020,-27,-8,-50,-45,-15,9
AE,United Arab Emirates,,,,,,ChIJvRKrsd9IXj4RpwoIwFYv0zM,5/9/2020,-21,-3,-42,-42,-13,7
AE,United Arab Emirates,,,,,,ChIJvRKrsd9IXj4RpwoIwFYv0zM,6/9/2020,-18,1,-35,-39,-21,9
AE,United Arab Emirates,,,,,,ChIJvRKrsd9IXj4RpwoIwFYv0zM,7/9/2020,-21,-3,-38,-40,-21,10
AE,United Arab Emirates,,,,,,ChIJvRKrsd9IXj4RpwoIwFYv0zM,8/9/2020,-21,-3,-38,-40,-22,10
AE,United Arab Emirates,,,,,,ChIJvRKrsd9IXj4RpwoIwFYv0zM,9/9/2020,-23,-5,-39,-41,-21,9
AE,United Arab Emirates,,,,,,ChIJvRKrsd9IXj4RpwoIwFYv0zM,10/9/2020,-21,-3,-38,-38,-21,10
AE,United Arab Emirates,,,,,,ChIJvRKrsd9IXj4RpwoIwFYv0zM,11/9/2020,-27,-8,-48,-45,-16,9
AE,United Arab Emirates,,,,,,ChIJvRKrsd9IXj4RpwoIwFYv0zM,12/9/2020,-22,-3,-39,-42,-13,7
AE,United Arab Emirates,,,,,,ChIJvRKrsd9IXj4RpwoIwFYv0zM,13/09/2020,-19,0,-32,-39,-20,9
AE,United Arab Emirates,,,,,,ChIJvRKrsd9IXj4RpwoIwFYv0zM,14/09/2020,-22,-4,-36,-40,-19,10
AE,United Arab Emirates,,,,,,ChIJvRKrsd9IXj4RpwoIwFYv0zM,15/09/2020,-22,-4,-36,-40,-19,10
AE,United Arab Emirates,,,,,,ChIJvRKrsd9IXj4RpwoIwFYv0zM,16/09/2020,-22,-5,-36,-40,-20,10
AE,United Arab Emirates,,,,,,ChIJvRKrsd9IXj4RpwoIwFYv0zM,17/09/2020,-23,-5,-38,-41,-21,11
AE,United Arab Emirates,,,,,,ChIJvRKrsd9IXj4RpwoIwFYv0zM,18/09/2020,-28,-11,-47,-46,-15,10
AE,United Arab Emirates,,,,,,ChIJvRKrsd9IXj4RpwoIwFYv0zM,19/09/2020,-23,-7,-40,-43,-13,8
AE,United Arab Emirates,,,,,,ChIJvRKrsd9IXj4RpwoIwFYv0zM,20/09/2020,-21,-4,-35,-40,-19,10
AE,United Arab Emirates,,,,,,ChIJvRKrsd9IXj4RpwoIwFYv0zM,21/09/2020,-24,-7,-38,-41,-21,10
AE,United Arab Emirates,,,,,,ChIJvRKrsd9IXj4RpwoIwFYv0zM,22/09/2020,-26,-8,-41,-42,-20,10
AE,United Arab Emirates,,,,,,ChIJvRKrsd9IXj4RpwoIwFYv0zM,23/09/2020,-27,-9,-44,-43,-20,11
AE,United Arab Emirates,,,,,,ChIJvRKrsd9IXj4RpwoIwFYv0zM,24/09/2020,-26,-8,-43,-43,-20,12
AE,United Arab Emirates,,,,,,ChIJvRKrsd9IXj4RpwoIwFYv0zM,25/09/2020,-31,-12,-49,-47,-15,10
AE,United Arab Emirates,,,,,,ChIJvRKrsd9IXj4RpwoIwFYv0zM,26/09/2020,-26,-7,-45,-43,-12,8
AE,United Arab Emirates,,,,,,ChIJvRKrsd9IXj4RpwoIwFYv0zM,27/09/2020,-22,-3,-41,-40,-19,10
AE,United Arab Emirates,,,,,,ChIJvRKrsd9IXj4RpwoIwFYv0zM,28/09/2020,-25,-7,-44,-41,-19,11
AE,United Arab Emirates,,,,,,ChIJvRKrsd9IXj4RpwoIwFYv0zM,29/09/2020,-24,-5,-42,-40,-19,10
AE,United Arab Emirates,,,,,,ChIJvRKrsd9IXj4RpwoIwFYv0zM,30/09/2020,-23,-2,-41,-38,-20,9
AE,United Arab Emirates,,,,,,ChIJvRKrsd9IXj4RpwoIwFYv0zM,1/10/2020,-22,0,-38,-38,-20,9
AE,United Arab Emirates,,,,,,ChIJvRKrsd9IXj4RpwoIwFYv0zM,2/10/2020,-26,-5,-44,-40,-16,8
AE,United Arab Emirates,,,,,,ChIJvRKrsd9IXj4RpwoIwFYv0zM,3/10/2020,-22,-1,-40,-38,-14,6
AE,United Arab Emirates,,,,,,ChIJvRKrsd9IXj4RpwoIwFYv0zM,4/10/2020,-20,1,-34,-35,-20,8
AE,United Arab Emirates,,,,,,ChIJvRKrsd9IXj4RpwoIwFYv0zM,5/10/2020,-23,-3,-38,-38,-21,9
AE,United Arab Emirates,,,,,,ChIJvRKrsd9IXj4RpwoIwFYv0zM,6/10/2020,-23,-3,-38,-38,-21,8
AE,United Arab Emirates,,,,,,ChIJvRKrsd9IXj4RpwoIwFYv0zM,7/10/2020,-24,-3,-38,-38,-20,9
AE,United Arab Emirates,,,,,,ChIJvRKrsd9IXj4RpwoIwFYv0zM,8/10/2020,-23,-2,-36,-37,-19,10
AE,United Arab Emirates,,,,,,ChIJvRKrsd9IXj4RpwoIwFYv0zM,9/10/2020,-27,-7,-41,-42,-15,8
AE,United Arab Emirates,,,,,,ChIJvRKrsd9IXj4RpwoIwFYv0zM,10/10/2020,-24,-5,-37,-39,-12,8
AE,United Arab Emirates,,,,,,ChIJvRKrsd9IXj4RpwoIwFYv0zM,11/10/2020,-21,0,-32,-37,-18,10
AE,United Arab Emirates,,,,,,ChIJvRKrsd9IXj4RpwoIwFYv0zM,12/10/2020,-24,-4,-34,-38,-19,10
AE,United Arab Emirates,,,,,,ChIJvRKrsd9IXj4RpwoIwFYv0zM,13/10/2020,-24,-3,-34,-38,-19,10
AE,United Arab Emirates,,,,,,ChIJvRKrsd9IXj4RpwoIwFYv0zM,14/10/2020,-23,-3,-36,-37,-19,10
AE,United Arab Emirates,,,,,,ChIJvRKrsd9IXj4RpwoIwFYv0zM,15/10/2020,-22,-1,-34,-35,-19,10
AE,United Arab Emirates,,,,,,ChIJvRKrsd9IXj4RpwoIwFYv0zM,16/10/2020,-26,-5,-36,-40,-15,9
AE,United Arab Emirates,,,,,,ChIJvRKrsd9IXj4RpwoIwFYv0zM,17/10/2020,-23,-4,-36,-38,-12,8
AE,United Arab Emirates,,,,,,ChIJvRKrsd9IXj4RpwoIwFYv0zM,18/10/2020,-20,-1,-32,-36,-20,10
AE,United Arab Emirates,,,,,,ChIJvRKrsd9IXj4RpwoIwFYv0zM,19/10/2020,-23,-4,-35,-36,-20,10
AE,United Arab Emirates,,,,,,ChIJvRKrsd9IXj4RpwoIwFYv0zM,20/10/2020,-23,-5,-33,-37,-20,10
AE,United Arab Emirates,,,,,,ChIJvRKrsd9IXj4RpwoIwFYv0zM,21/10/2020,-22,-3,-31,-37,-20,10
AE,United Arab Emirates,,,,,,ChIJvRKrsd9IXj4RpwoIwFYv0zM,22/10/2020,-21,-1,-25,-35,-19,10
AE,United Arab Emirates,,,,,,ChIJvRKrsd9IXj4RpwoIwFYv0zM,23/10/2020,-26,-5,-28,-40,-14,8
AE,United Arab Emirates,,,,,,ChIJvRKrsd9IXj4RpwoIwFYv0zM,24/10/2020,-23,-4,-29,-38,-11,7
AE,United Arab Emirates,,,,,,ChIJvRKrsd9IXj4RpwoIwFYv0zM,25/10/2020,-18,1,-25,-35,-18,9
AE,United Arab Emirates,,,,,,ChIJvRKrsd9IXj4RpwoIwFYv0zM,26/10/2020,-20,-1,-28,-35,-18,9
AE,United Arab Emirates,,,,,,ChIJvRKrsd9IXj4RpwoIwFYv0zM,27/10/2020,-19,0,-28,-35,-19,9
AE,United Arab Emirates,,,,,,ChIJvRKrsd9IXj4RpwoIwFYv0zM,28/10/2020,-13,7,-24,-32,-18,6
AE,United Arab Emirates,,,,,,ChIJvRKrsd9IXj4RpwoIwFYv0zM,29/10/2020,-15,8,-4,-45,-59,20
AE,United Arab Emirates,,,,,,ChIJvRKrsd9IXj4RpwoIwFYv0zM,30/10/2020,-24,-7,-24,-40,-16,6
AE,United Arab Emirates,,,,,,ChIJvRKrsd9IXj4RpwoIwFYv0zM,31/10/2020,-22,-4,-30,-39,-12,6
AE,United Arab Emirates,,,,,,ChIJvRKrsd9IXj4RpwoIwFYv0zM,1/11/2020,-17,3,-27,-35,-18,8
AE,United Arab Emirates,,,,,,ChIJvRKrsd9IXj4RpwoIwFYv0zM,2/11/2020,-19,0,-31,-36,-19,9
AE,United Arab Emirates,,,,,,ChIJvRKrsd9IXj4RpwoIwFYv0zM,3/11/2020,-19,0,-30,-36,-19,9
AE,United Arab Emirates,,,,,,ChIJvRKrsd9IXj4RpwoIwFYv0zM,4/11/2020,-20,-1,-31,-36,-19,9
AE,United Arab Emirates,,,,,,ChIJvRKrsd9IXj4RpwoIwFYv0zM,5/11/2020,-20,0,-29,-35,-19,9
AE,United Arab Emirates,,,,,,ChIJvRKrsd9IXj4RpwoIwFYv0zM,6/11/2020,-23,-4,-28,-38,-15,7
AE,United Arab Emirates,,,,,,ChIJvRKrsd9IXj4RpwoIwFYv0zM,7/11/2020,-20,-3,-30,-38,-12,7
AE,United Arab Emirates,,,,,,ChIJvRKrsd9IXj4RpwoIwFYv0zM,8/11/2020,-18,0,-28,-35,-18,9
AE,United Arab Emirates,,,,,,ChIJvRKrsd9IXj4RpwoIwFYv0zM,9/11/2020,-20,-2,-32,-36,-19,9
AE,United Arab Emirates,,,,,,ChIJvRKrsd9IXj4RpwoIwFYv0zM,10/11/2020,-20,-2,-32,-36,-19,9
AE,United Arab Emirates,,,,,,ChIJvRKrsd9IXj4RpwoIwFYv0zM,11/11/2020,-19,0,-31,-35,-19,9
AE,United Arab Emirates,,,,,,ChIJvRKrsd9IXj4RpwoIwFYv0zM,12/11/2020,-18,1,-28,-34,-19,9
AE,United Arab Emirates,,,,,,ChIJvRKrsd9IXj4RpwoIwFYv0zM,13/11/2020,-21,0,-26,-37,-13,6
AE,United Arab Emirates,,,,,,ChIJvRKrsd9IXj4RpwoIwFYv0zM,14/11/2020,-18,-1,-28,-37,-13,7
AE,United Arab Emirates,,,,,,ChIJvRKrsd9IXj4RpwoIwFYv0zM,15/11/2020,-17,1,-25,-34,-19,9
AE,United Arab Emirates,,,,,,ChIJvRKrsd9IXj4RpwoIwFYv0zM,16/11/2020,-20,-4,-29,-35,-19,9
AE,United Arab Emirates,,,,,,ChIJvRKrsd9IXj4RpwoIwFYv0zM,17/11/2020,-21,-4,-29,-36,-19,9
AE,United Arab Emirates,,,,,,ChIJvRKrsd9IXj4RpwoIwFYv0zM,18/11/2020,-21,-3,-31,-36,-18,9
AE,United Arab Emirates,,,,,,ChIJvRKrsd9IXj4RpwoIwFYv0zM,19/11/2020,-20,-2,-29,-36,-18,9
AE,United Arab Emirates,,,,,,ChIJvRKrsd9IXj4RpwoIwFYv0zM,20/11/2020,-23,-6,-29,-39,-13,7
AE,United Arab Emirates,,,,,,ChIJvRKrsd9IXj4RpwoIwFYv0zM,21/11/2020,-21,-5,-32,-38,-11,7
AE,United Arab Emirates,,,,,,ChIJvRKrsd9IXj4RpwoIwFYv0zM,22/11/2020,-18,-2,-29,-35,-18,9
AE,United Arab Emirates,,,,,,ChIJvRKrsd9IXj4RpwoIwFYv0zM,23/11/2020,-21,-6,-32,-37,-18,9
AE,United Arab Emirates,,,,,,ChIJvRKrsd9IXj4RpwoIwFYv0zM,24/11/2020,-21,-5,-32,-37,-19,9
AE,United Arab Emirates,,,,,,ChIJvRKrsd9IXj4RpwoIwFYv0zM,25/11/2020,-20,-3,-33,-35,-18,9
AE,United Arab Emirates,,,,,,ChIJvRKrsd9IXj4RpwoIwFYv0zM,26/11/2020,-18,0,-30,-33,-18,9
AE,United Arab Emirates,,,,,,ChIJvRKrsd9IXj4RpwoIwFYv0zM,27/11/2020,-20,-3,-30,-35,-11,6
AE,United Arab Emirates,,,,,,ChIJvRKrsd9IXj4RpwoIwFYv0zM,28/11/2020,-17,-1,-32,-35,-10,6
AE,United Arab Emirates,,,,,,ChIJvRKrsd9IXj4RpwoIwFYv0zM,29/11/2020,-13,4,-27,-32,-18,8
AE,United Arab Emirates,,,,,,ChIJvRKrsd9IXj4RpwoIwFYv0zM,30/11/2020,-10,7,-25,-30,-18,6
AE,United Arab Emirates,,,,,,ChIJvRKrsd9IXj4RpwoIwFYv0zM,1/12/2020,-2,19,7,-38,-55,15
AE,United Arab Emirates,,,,,,ChIJvRKrsd9IXj4RpwoIwFYv0zM,2/12/2020,-2,19,31,-39,-64,18
AE,United Arab Emirates,,,,,,ChIJvRKrsd9IXj4RpwoIwFYv0zM,3/12/2020,-14,5,5,-42,-59,19
AE,United Arab Emirates,,,,,,ChIJvRKrsd9IXj4RpwoIwFYv0zM,4/12/2020,-24,-7,-24,-37,-13,6
AE,United Arab Emirates,,,,,,ChIJvRKrsd9IXj4RpwoIwFYv0zM,5/12/2020,-20,-4,-31,-36,-10,6
AE,United Arab Emirates,,,,,,ChIJvRKrsd9IXj4RpwoIwFYv0zM,6/12/2020,-15,2,-27,-32,-17,8
AE,United Arab Emirates,,,,,,ChIJvRKrsd9IXj4RpwoIwFYv0zM,7/12/2020,-17,0,-30,-34,-19,8
AE,United Arab Emirates,,,,,,ChIJvRKrsd9IXj4RpwoIwFYv0zM,8/12/2020,-18,-1,-29,-34,-17,8
AE,United Arab Emirates,,,,,,ChIJvRKrsd9IXj4RpwoIwFYv0zM,9/12/2020,-17,-1,-29,-34,-18,8
AE,United Arab Emirates,,,,,,ChIJvRKrsd9IXj4RpwoIwFYv0zM,10/12/2020,-18,0,-25,-32,-18,9
AE,United Arab Emirates,,,,,,ChIJvRKrsd9IXj4RpwoIwFYv0zM,11/12/2020,-21,-1,-22,-33,-10,6
AE,United Arab Emirates,,,,,,ChIJvRKrsd9IXj4RpwoIwFYv0zM,12/12/2020,-18,-1,-24,-33,-10,6
AE,United Arab Emirates,,,,,,ChIJvRKrsd9IXj4RpwoIwFYv0zM,13/12/2020,-12,3,-17,-30,-20,8
AE,United Arab Emirates,,,,,,ChIJvRKrsd9IXj4RpwoIwFYv0zM,14/12/2020,-15,-1,-22,-32,-20,8
AE,United Arab Emirates,,,,,,ChIJvRKrsd9IXj4RpwoIwFYv0zM,15/12/2020,-15,1,-22,-32,-21,8
AE,United Arab Emirates,,,,,,ChIJvRKrsd9IXj4RpwoIwFYv0zM,16/12/2020,-15,1,-23,-31,-20,8
AE,United Arab Emirates,,,,,,ChIJvRKrsd9IXj4RpwoIwFYv0zM,17/12/2020,-16,1,-22,-30,-20,9
AE,United Arab Emirates,,,,,,ChIJvRKrsd9IXj4RpwoIwFYv0zM,18/12/2020,-19,-1,-20,-30,-10,6
AE,United Arab Emirates,,,,,,ChIJvRKrsd9IXj4RpwoIwFYv0zM,19/12/2020,-17,-2,-22,-31,-10,6
AE,United Arab Emirates,,,,,,ChIJvRKrsd9IXj4RpwoIwFYv0zM,20/12/2020,-11,4,-15,-28,-21,8
AE,United Arab Emirates,,,,,,ChIJvRKrsd9IXj4RpwoIwFYv0zM,21/12/2020,-13,1,-20,-30,-21,8
AE,United Arab Emirates,,,,,,ChIJvRKrsd9IXj4RpwoIwFYv0zM,22/12/2020,-14,1,-21,-32,-22,8
AE,United Arab Emirates,,,,,,ChIJvRKrsd9IXj4RpwoIwFYv0zM,23/12/2020,-12,5,-21,-30,-21,8
AE,United Arab Emirates,,,,,,ChIJvRKrsd9IXj4RpwoIwFYv0zM,24/12/2020,-13,7,-21,-30,-23,9
AE,United Arab Emirates,,,,,,ChIJvRKrsd9IXj4RpwoIwFYv0zM,25/12/2020,-19,-4,-20,-32,-12,5
AE,United Arab Emirates,,,,,,ChIJvRKrsd9IXj4RpwoIwFYv0zM,26/12/2020,-16,-1,-22,-31,-11,5
AE,United Arab Emirates,,,,,,ChIJvRKrsd9IXj4RpwoIwFYv0zM,27/12/2020,-9,5,-16,-29,-22,8
AE,United Arab Emirates,,,,,,ChIJvRKrsd9IXj4RpwoIwFYv0zM,28/12/2020,-10,4,-19,-31,-22,8
AE,United Arab Emirates,,,,,,ChIJvRKrsd9IXj4RpwoIwFYv0zM,29/12/2020,-10,4,-17,-32,-23,8
AE,United Arab Emirates,,,,,,ChIJvRKrsd9IXj4RpwoIwFYv0zM,30/12/2020,-7,9,-18,-29,-21,8
AE,United Arab Emirates,,,,,,ChIJvRKrsd9IXj4RpwoIwFYv0zM,31/12/2020,-10,11,3,-30,-25,10
AE,United Arab Emirates,,,,,,ChIJvRKrsd9IXj4RpwoIwFYv0zM,1/1/2021,-18,-2,-14,-31,-16,5
AE,United Arab Emirates,,,,,,ChIJvRKrsd9IXj4RpwoIwFYv0zM,2/1/2021,-16,2,-24,-32,-11,6
AE,United Arab Emirates,,,,,,ChIJvRKrsd9IXj4RpwoIwFYv0zM,3/1/2021,-12,6,-22,-28,-18,9
AE,United Arab Emirates,,,,,,ChIJvRKrsd9IXj4RpwoIwFYv0zM,4/1/2021,-16,2,-28,-31,-18,9
AE,United Arab Emirates,,,,,,ChIJvRKrsd9IXj4RpwoIwFYv0zM,5/1/2021,-17,1,-28,-32,-18,8
AE,United Arab Emirates,,,,,,ChIJvRKrsd9IXj4RpwoIwFYv0zM,6/1/2021,-16,2,-29,-31,-18,9
AE,United Arab Emirates,,,,,,ChIJvRKrsd9IXj4RpwoIwFYv0zM,7/1/2021,-17,1,-28,-32,-18,10
AE,United Arab Emirates,,,,,,ChIJvRKrsd9IXj4RpwoIwFYv0zM,8/1/2021,-19,0,-25,-32,-11,6
AE,United Arab Emirates,,,,,,ChIJvRKrsd9IXj4RpwoIwFYv0zM,9/1/2021,-17,0,-27,-31,-10,6
AE,United Arab Emirates,,,,,,ChIJvRKrsd9IXj4RpwoIwFYv0zM,10/1/2021,-14,4,-26,-28,-18,8
AE,United Arab Emirates,,,,,,ChIJvRKrsd9IXj4RpwoIwFYv0zM,11/1/2021,-17,1,-29,-31,-18,8
AE,United Arab Emirates,,,,,,ChIJvRKrsd9IXj4RpwoIwFYv0zM,12/1/2021,-18,-1,-29,-33,-19,8
AE,United Arab Emirates,,,,,,ChIJvRKrsd9IXj4RpwoIwFYv0zM,13/01/2021,-18,-1,-31,-34,-20,7
AE,United Arab Emirates,,,,,,ChIJvRKrsd9IXj4RpwoIwFYv0zM,14/01/2021,-19,-3,-28,-34,-23,7
AE,United Arab Emirates,,,,,,ChIJvRKrsd9IXj4RpwoIwFYv0zM,15/01/2021,-22,-6,-22,-36,-19,4
AE,United Arab Emirates,,,,,,ChIJvRKrsd9IXj4RpwoIwFYv0zM,16/01/2021,-21,-7,-29,-36,-18,5
AE,United Arab Emirates,,,,,,ChIJvRKrsd9IXj4RpwoIwFYv0zM,17/01/2021,-18,-3,-28,-34,-24,7
AE,United Arab Emirates,,,,,,ChIJvRKrsd9IXj4RpwoIwFYv0zM,18/01/2021,-21,-6,-31,-36,-24,8
AE,United Arab Emirates,,,,,,ChIJvRKrsd9IXj4RpwoIwFYv0zM,19/01/2021,-22,-7,-30,-37,-25,8
AE,United Arab Emirates,,,,,,ChIJvRKrsd9IXj4RpwoIwFYv0zM,20/01/2021,-22,-6,-31,-35,-24,8
AE,United Arab Emirates,,,,,,ChIJvRKrsd9IXj4RpwoIwFYv0zM,21/01/2021,-22,-6,-29,-35,-24,9
AE,United Arab Emirates,,,,,,ChIJvRKrsd9IXj4RpwoIwFYv0zM,22/01/2021,-24,-7,-24,-37,-17,6
AE,United Arab Emirates,,,,,,ChIJvRKrsd9IXj4RpwoIwFYv0zM,23/01/2021,-22,-7,-32,-36,-16,6
AE,United Arab Emirates,,,,,,ChIJvRKrsd9IXj4RpwoIwFYv0zM,24/01/2021,-19,-3,-28,-34,-23,9
AE,United Arab Emirates,,,,,,ChIJvRKrsd9IXj4RpwoIwFYv0zM,25/01/2021,-22,-6,-31,-35,-24,9
AE,United Arab Emirates,,,,,,ChIJvRKrsd9IXj4RpwoIwFYv0zM,26/01/2021,-21,-6,-31,-36,-25,9
AE,United Arab Emirates,,,,,,ChIJvRKrsd9IXj4RpwoIwFYv0zM,27/01/2021,-20,-3,-32,-35,-24,9
AE,United Arab Emirates,,,,,,ChIJvRKrsd9IXj4RpwoIwFYv0zM,28/01/2021,-18,0,-28,-34,-24,9
AE,United Arab Emirates,,,,,,ChIJvRKrsd9IXj4RpwoIwFYv0zM,29/01/2021,-20,0,-25,-35,-16,5
AE,United Arab Emirates,,,,,,ChIJvRKrsd9IXj4RpwoIwFYv0zM,30/01/2021,-16,1,-29,-34,-15,5
AE,United Arab Emirates,,,,,,ChIJvRKrsd9IXj4RpwoIwFYv0zM,31/01/2021,-14,6,-29,-33,-22,7
AE,United Arab Emirates,,,,,,ChIJvRKrsd9IXj4RpwoIwFYv0zM,1/2/2021,-16,3,-31,-35,-24,8
AE,United Arab Emirates,,,,,,ChIJvRKrsd9IXj4RpwoIwFYv0zM,2/2/2021,-16,3,-30,-36,-24,8
AE,United Arab Emirates,,,,,,ChIJvRKrsd9IXj4RpwoIwFYv0zM,3/2/2021,-19,-2,-33,-38,-24,8
AE,United Arab Emirates,,,,,,ChIJvRKrsd9IXj4RpwoIwFYv0zM,4/2/2021,-21,-3,-31,-38,-25,9
AE,United Arab Emirates,,,,,,ChIJvRKrsd9IXj4RpwoIwFYv0zM,5/2/2021,-23,-3,-26,-38,-18,5
AE,United Arab Emirates,,,,,,ChIJvRKrsd9IXj4RpwoIwFYv0zM,6/2/2021,-21,-4,-30,-38,-16,5
AE,United Arab Emirates,,,,,,ChIJvRKrsd9IXj4RpwoIwFYv0zM,7/2/2021,-18,-2,-29,-37,-24,8
AE,United Arab Emirates,,,,,,ChIJvRKrsd9IXj4RpwoIwFYv0zM,8/2/2021,-19,-3,-32,-37,-25,8
AE,United Arab Emirates,,,,,,ChIJvRKrsd9IXj4RpwoIwFYv0zM,9/2/2021,-18,1,-30,-36,-25,8
AE,United Arab Emirates,,,,,,ChIJvRKrsd9IXj4RpwoIwFYv0zM,10/2/2021,-18,1,-31,-35,-24,8
AE,United Arab Emirates,,,,,,ChIJvRKrsd9IXj4RpwoIwFYv0zM,11/2/2021,-18,1,-28,-35,-24,9
AE,United Arab Emirates,,,,,,ChIJvRKrsd9IXj4RpwoIwFYv0zM,12/2/2021,-20,-1,-24,-35,-16,5
AE,United Arab Emirates,,,,,,ChIJvRKrsd9IXj4RpwoIwFYv0zM,13/02/2021,-16,0,-28,-34,-15,5
AE,United Arab Emirates,,,,,,ChIJvRKrsd9IXj4RpwoIwFYv0zM,14/02/2021,-9,7,-23,-32,-22,8
AE,United Arab Emirates,,,,,,ChIJvRKrsd9IXj4RpwoIwFYv0zM,15/02/2021,-16,1,-29,-34,-24,8
AE,United Arab Emirates,,,,,,ChIJvRKrsd9IXj4RpwoIwFYv0zM,16/02/2021,-16,2,-26,-35,-24,8
AE,United Arab Emirates,,,,,,ChIJvRKrsd9IXj4RpwoIwFYv0zM,17/02/2021,-15,4,-27,-33,-23,8
AE,United Arab Emirates,,,,,,ChIJvRKrsd9IXj4RpwoIwFYv0zM,18/02/2021,-16,4,-24,-32,-23,9
AE,United Arab Emirates,,,,,,ChIJvRKrsd9IXj4RpwoIwFYv0zM,19/02/2021,-19,2,-20,-33,-14,5
AE,United Arab Emirates,,,,,,ChIJvRKrsd9IXj4RpwoIwFYv0zM,20/02/2021,-16,3,-25,-32,-13,5
AE,United Arab Emirates,,,,,,ChIJvRKrsd9IXj4RpwoIwFYv0zM,21/02/2021,-12,6,-23,-30,-21,7
AE,United Arab Emirates,,,,,,ChIJvRKrsd9IXj4RpwoIwFYv0zM,22/02/2021,-16,2,-28,-33,-21,8
AE,United Arab Emirates,,,,,,ChIJvRKrsd9IXj4RpwoIwFYv0zM,23/02/2021,-16,2,-27,-33,-21,8
AE,United Arab Emirates,,,,,,ChIJvRKrsd9IXj4RpwoIwFYv0zM,24/02/2021,-15,3,-28,-33,-21,8
AE,United Arab Emirates,,,,,,ChIJvRKrsd9IXj4RpwoIwFYv0zM,25/02/2021,-13,6,-24,-31,-21,8
AE,United Arab Emirates,,,,,,ChIJvRKrsd9IXj4RpwoIwFYv0zM,26/02/2021,-16,5,-21,-32,-13,5
AE,United Arab Emirates,,,,,,ChIJvRKrsd9IXj4RpwoIwFYv0zM,27/02/2021,-12,8,-25,-30,-12,4
AE,United Arab Emirates,,,,,,ChIJvRKrsd9IXj4RpwoIwFYv0zM,28/02/2021,-8,14,-23,-27,-19,6
AE,United Arab Emirates,,,,,,ChIJvRKrsd9IXj4RpwoIwFYv0zM,1/3/2021,-11,11,-26,-29,-20,7
AE,United Arab Emirates,,,,,,ChIJvRKrsd9IXj4RpwoIwFYv0zM,2/3/2021,-11,12,-25,-30,-21,7
AE,United Arab Emirates,,,,,,ChIJvRKrsd9IXj4RpwoIwFYv0zM,3/3/2021,-11,11,-27,-30,-20,7
AE,United Arab Emirates,,,,,,ChIJvRKrsd9IXj4RpwoIwFYv0zM,4/3/2021,-11,10,-23,-29,-20,8
AE,United Arab Emirates,,,,,,ChIJvRKrsd9IXj4RpwoIwFYv0zM,5/3/2021,-13,9,-20,-29,-13,5
AE,United Arab Emirates,,,,,,ChIJvRKrsd9IXj4RpwoIwFYv0zM,6/3/2021,-11,9,-24,-29,-12,4
AE,United Arab Emirates,,,,,,ChIJvRKrsd9IXj4RpwoIwFYv0zM,7/3/2021,-8,12,-22,-27,-19,7
AE,United Arab Emirates,,,,,,ChIJvRKrsd9IXj4RpwoIwFYv0zM,8/3/2021,-11,8,-26,-30,-20,7
AE,United Arab Emirates,,,,,,ChIJvRKrsd9IXj4RpwoIwFYv0zM,9/3/2021,-12,8,-24,-30,-20,7
AE,United Arab Emirates,,,,,,ChIJvRKrsd9IXj4RpwoIwFYv0zM,10/3/2021,-11,10,-26,-28,-19,7
AE,United Arab Emirates,,,,,,ChIJvRKrsd9IXj4RpwoIwFYv0zM,11/3/2021,-12,10,-22,-27,-19,8
AE,United Arab Emirates,,,,,,ChIJvRKrsd9IXj4RpwoIwFYv0zM,12/3/2021,-13,8,-20,-30,-12,5
AE,United Arab Emirates,,,,,,ChIJvRKrsd9IXj4RpwoIwFYv0zM,13/03/2021,-11,9,-26,-29,-11,4
AE,United Arab Emirates,,,,,,ChIJvRKrsd9IXj4RpwoIwFYv0zM,14/03/2021,-8,13,-21,-26,-18,7
AE,United Arab Emirates,,,,,,ChIJvRKrsd9IXj4RpwoIwFYv0zM,15/03/2021,-11,9,-25,-28,-18,7
AE,United Arab Emirates,,,,,,ChIJvRKrsd9IXj4RpwoIwFYv0zM,16/03/2021,-12,9,-23,-28,-19,7
AE,United Arab Emirates,,,,,,ChIJvRKrsd9IXj4RpwoIwFYv0zM,17/03/2021,-11,10,-25,-27,-17,7
AE,United Arab Emirates,,,,,,ChIJvRKrsd9IXj4RpwoIwFYv0zM,18/03/2021,-11,10,-22,-26,-17,8
AE,United Arab Emirates,,,,,,ChIJvRKrsd9IXj4RpwoIwFYv0zM,19/03/2021,-13,9,-20,-28,-10,5
AE,United Arab Emirates,,,,,,ChIJvRKrsd9IXj4RpwoIwFYv0zM,20/03/2021,-11,9,-23,-26,-9,4
AE,United Arab Emirates,,,,,,ChIJvRKrsd9IXj4RpwoIwFYv0zM,21/03/2021,-7,14,-21,-24,-16,7
AE,United Arab Emirates,,,,,,ChIJvRKrsd9IXj4RpwoIwFYv0zM,22/03/2021,-11,9,-24,-27,-17,7
AE,United Arab Emirates,,,,,,ChIJvRKrsd9IXj4RpwoIwFYv0zM,23/03/2021,-11,8,-23,-28,-17,7
AE,United Arab Emirates,,,,,,ChIJvRKrsd9IXj4RpwoIwFYv0zM,24/03/2021,-10,10,-25,-26,-17,7
AE,United Arab Emirates,,,,,,ChIJvRKrsd9IXj4RpwoIwFYv0zM,25/03/2021,-9,13,-22,-25,-19,8
AE,United Arab Emirates,,,,,,ChIJvRKrsd9IXj4RpwoIwFYv0zM,26/03/2021,-12,9,-23,-26,-10,5
AE,United Arab Emirates,,,,,,ChIJvRKrsd9IXj4RpwoIwFYv0zM,27/03/2021,-8,11,-23,-25,-9,4
AE,United Arab Emirates,,,,,,ChIJvRKrsd9IXj4RpwoIwFYv0zM,28/03/2021,-4,17,-17,-23,-18,6
AE,United Arab Emirates,,,,,,ChIJvRKrsd9IXj4RpwoIwFYv0zM,29/03/2021,-6,14,-20,-25,-19,7
AE,United Arab Emirates,,,,,,ChIJvRKrsd9IXj4RpwoIwFYv0zM,30/03/2021,-6,14,-19,-24,-19,6
AE,United Arab Emirates,,,,,,ChIJvRKrsd9IXj4RpwoIwFYv0zM,31/03/2021,-4,16,-20,-22,-19,6
AE,United Arab Emirates,,,,,,ChIJvRKrsd9IXj4RpwoIwFYv0zM,1/4/2021,-6,16,-19,-22,-18,7
AE,United Arab Emirates,,,,,,ChIJvRKrsd9IXj4RpwoIwFYv0zM,2/4/2021,-9,14,-20,-24,-9,4
AE,United Arab Emirates,,,,,,ChIJvRKrsd9IXj4RpwoIwFYv0zM,3/4/2021,-5,17,-21,-23,-8,3
AE,United Arab Emirates,,,,,,ChIJvRKrsd9IXj4RpwoIwFYv0zM,4/4/2021,1,23,-12,-20,-20,6
AE,United Arab Emirates,,,,,,ChIJvRKrsd9IXj4RpwoIwFYv0zM,5/4/2021,-4,17,-17,-23,-18,6
AE,United Arab Emirates,,,,,,ChIJvRKrsd9IXj4RpwoIwFYv0zM,6/4/2021,-4,16,-16,-24,-18,6
AE,United Arab Emirates,,,,,,ChIJvRKrsd9IXj4RpwoIwFYv0zM,7/4/2021,-4,17,-17,-23,-18,6
AE,United Arab Emirates,,,,,,ChIJvRKrsd9IXj4RpwoIwFYv0zM,8/4/2021,-5,16,-16,-21,-18,7
AE,United Arab Emirates,,,,,,ChIJvRKrsd9IXj4RpwoIwFYv0zM,9/4/2021,-9,14,-18,-24,-8,4
AE,United Arab Emirates,,,,,,ChIJvRKrsd9IXj4RpwoIwFYv0zM,10/4/2021,-5,16,-21,-23,-7,3
AE,United Arab Emirates,,,,,,ChIJvRKrsd9IXj4RpwoIwFYv0zM,11/4/2021,-1,23,-17,-20,-15,5
AE,United Arab Emirates,,,,,,ChIJvRKrsd9IXj4RpwoIwFYv0zM,12/4/2021,-2,30,-24,-23,-15,5
AE,United Arab Emirates,,,,,,ChIJvRKrsd9IXj4RpwoIwFYv0zM,13/04/2021,-21,22,-33,-29,-18,13
AE,United Arab Emirates,,,,,,ChIJvRKrsd9IXj4RpwoIwFYv0zM,14/04/2021,-20,15,-32,-28,-18,13
AE,United Arab Emirates,,,,,,ChIJvRKrsd9IXj4RpwoIwFYv0zM,15/04/2021,-20,12,-30,-28,-17,14
AE,United Arab Emirates,,,,,,ChIJvRKrsd9IXj4RpwoIwFYv0zM,16/04/2021,-25,6,-42,-36,-9,10
AE,United Arab Emirates,,,,,,ChIJvRKrsd9IXj4RpwoIwFYv0zM,17/04/2021,-19,10,-32,-30,-8,10
AE,United Arab Emirates,,,,,,ChIJvRKrsd9IXj4RpwoIwFYv0zM,18/04/2021,-14,18,-23,-25,-15,12
AE,United Arab Emirates,,,,,,ChIJvRKrsd9IXj4RpwoIwFYv0zM,19/04/2021,-17,15,-27,-28,-16,13
AE,United Arab Emirates,,,,,,ChIJvRKrsd9IXj4RpwoIwFYv0zM,20/04/2021,-16,15,-26,-28,-16,13
AE,United Arab Emirates,,,,,,ChIJvRKrsd9IXj4RpwoIwFYv0zM,21/04/2021,-16,15,-28,-27,-16,13
AE,United Arab Emirates,,,,,,ChIJvRKrsd9IXj4RpwoIwFYv0zM,22/04/2021,-17,13,-26,-28,-16,14
AE,United Arab Emirates,,,,,,ChIJvRKrsd9IXj4RpwoIwFYv0zM,23/04/2021,-23,6,-39,-35,-8,10
AE,United Arab Emirates,,,,,,ChIJvRKrsd9IXj4RpwoIwFYv0zM,24/04/2021,-18,9,-31,-28,-7,10
AE,United Arab Emirates,,,,,,ChIJvRKrsd9IXj4RpwoIwFYv0zM,25/04/2021,-12,18,-22,-27,-14,12
AE,United Arab Emirates,,,,,,ChIJvRKrsd9IXj4RpwoIwFYv0zM,26/04/2021,-14,16,-25,-29,-15,13
AE,United Arab Emirates,,,,,,ChIJvRKrsd9IXj4RpwoIwFYv0zM,27/04/2021,-14,17,-26,-30,-15,12
AE,United Arab Emirates,,,,,,ChIJvRKrsd9IXj4RpwoIwFYv0zM,28/04/2021,-13,19,-28,-29,-15,12
AE,United Arab Emirates,,,,,,ChIJvRKrsd9IXj4RpwoIwFYv0zM,29/04/2021,-12,18,-26,-27,-15,13
AE,United Arab Emirates,,,,,,ChIJvRKrsd9IXj4RpwoIwFYv0zM,30/04/2021,-17,14,-38,-33,-6,9
AE,United Arab Emirates,,,,,,ChIJvRKrsd9IXj4RpwoIwFYv0zM,1/5/2021,-11,18,-28,-29,-7,9
AE,United Arab Emirates,,,,,,ChIJvRKrsd9IXj4RpwoIwFYv0zM,2/5/2021,-7,25,-19,-25,-15,12
AE,United Arab Emirates,,,,,,ChIJvRKrsd9IXj4RpwoIwFYv0zM,3/5/2021,-9,23,-26,-27,-15,12
AE,United Arab Emirates,,,,,,ChIJvRKrsd9IXj4RpwoIwFYv0zM,4/5/2021,-10,22,-27,-27,-16,12
AE,United Arab Emirates,,,,,,ChIJvRKrsd9IXj4RpwoIwFYv0zM,5/5/2021,-9,23,-28,-27,-15,12
AE,United Arab Emirates,,,,,,ChIJvRKrsd9IXj4RpwoIwFYv0zM,6/5/2021,-11,20,-28,-27,-16,13
AE,United Arab Emirates,,,,,,ChIJvRKrsd9IXj4RpwoIwFYv0zM,7/5/2021,-16,15,-42,-33,-5,9
AE,United Arab Emirates,,,,,,ChIJvRKrsd9IXj4RpwoIwFYv0zM,8/5/2021,-12,16,-33,-30,-6,9
AE,United Arab Emirates,,,,,,ChIJvRKrsd9IXj4RpwoIwFYv0zM,9/5/2021,-3,27,-23,-25,-14,11
AE,United Arab Emirates,,,,,,ChIJvRKrsd9IXj4RpwoIwFYv0zM,10/5/2021,0,30,-23,-24,-15,10
AE,United Arab Emirates,,,,,,ChIJvRKrsd9IXj4RpwoIwFYv0zM,11/5/2021,6,45,-19,-33,-48,17
AE,United Arab Emirates,,,,,,ChIJvRKrsd9IXj4RpwoIwFYv0zM,12/5/2021,9,57,-15,-34,-58,20
AE,United Arab Emirates,,,,,,ChIJvRKrsd9IXj4RpwoIwFYv0zM,13/05/2021,0,24,20,-31,-69,21
AE,United Arab Emirates,,,,,,ChIJvRKrsd9IXj4RpwoIwFYv0zM,14/05/2021,-4,14,-13,-26,-18,5
AE,United Arab Emirates,,,,,,ChIJvRKrsd9IXj4RpwoIwFYv0zM,15/05/2021,-6,17,-23,-33,-29,10
AE,United Arab Emirates,,,,,,ChIJvRKrsd9IXj4RpwoIwFYv0zM,16/05/2021,-4,24,-23,-24,-11,7
AE,United Arab Emirates,,,,,,ChIJvRKrsd9IXj4RpwoIwFYv0zM,17/05/2021,-6,21,-27,-26,-12,8
AE,United Arab Emirates,,,,,,ChIJvRKrsd9IXj4RpwoIwFYv0zM,18/05/2021,-6,21,-26,-27,-13,8
AE,United Arab Emirates,,,,,,ChIJvRKrsd9IXj4RpwoIwFYv0zM,19/05/2021,-6,20,-28,-28,-12,8
AE,United Arab Emirates,,,,,,ChIJvRKrsd9IXj4RpwoIwFYv0zM,20/05/2021,-5,20,-27,-29,-11,9
AE,United Arab Emirates,,,,,,ChIJvRKrsd9IXj4RpwoIwFYv0zM,21/05/2021,-10,15,-36,-36,-4,8
AE,United Arab Emirates,,,,,,ChIJvRKrsd9IXj4RpwoIwFYv0zM,22/05/2021,-7,17,-33,-30,-2,6
AE,United Arab Emirates,,,,,,ChIJvRKrsd9IXj4RpwoIwFYv0zM,23/05/2021,-4,21,-26,-25,-10,8
AE,United Arab Emirates,,,,,,ChIJvRKrsd9IXj4RpwoIwFYv0zM,24/05/2021,-7,18,-29,-28,-11,8
AE,United Arab Emirates,,,,,,ChIJvRKrsd9IXj4RpwoIwFYv0zM,25/05/2021,-7,19,-28,-28,-11,8
AE,United Arab Emirates,,,,,,ChIJvRKrsd9IXj4RpwoIwFYv0zM,26/05/2021,-5,20,-30,-28,-11,8
AE,United Arab Emirates,,,,,,ChIJvRKrsd9IXj4RpwoIwFYv0zM,27/05/2021,-1,24,-28,-25,-10,8
AE,United Arab Emirates,,,,,,ChIJvRKrsd9IXj4RpwoIwFYv0zM,28/05/2021,-5,20,-38,-30,-3,6
AE,United Arab Emirates,,,,,,ChIJvRKrsd9IXj4RpwoIwFYv0zM,29/05/2021,-1,25,-33,-26,-1,5
AE,United Arab Emirates,,,,,,ChIJvRKrsd9IXj4RpwoIwFYv0zM,30/05/2021,0,28,-26,-24,-8,7
AE,United Arab Emirates,,,,,,ChIJvRKrsd9IXj4RpwoIwFYv0zM,31/05/2021,-2,25,-30,-26,-9,7
AE,United Arab Emirates,,,,,,ChIJvRKrsd9IXj4RpwoIwFYv0zM,1/6/2021,-1,28,-28,-25,-10,7
AE,United Arab Emirates,,,,,,ChIJvRKrsd9IXj4RpwoIwFYv0zM,2/6/2021,-1,27,-30,-26,-10,7
AE,United Arab Emirates,,,,,,ChIJvRKrsd9IXj4RpwoIwFYv0zM,3/6/2021,-1,26,-31,-25,-9,8
AE,United Arab Emirates,,,,,,ChIJvRKrsd9IXj4RpwoIwFYv0zM,4/6/2021,-6,22,-43,-31,-4,7
AE,United Arab Emirates,,,,,,ChIJvRKrsd9IXj4RpwoIwFYv0zM,5/6/2021,-3,24,-36,-28,-1,6
AE,United Arab Emirates,,,,,,ChIJvRKrsd9IXj4RpwoIwFYv0zM,6/6/2021,-1,27,-29,-25,-8,7
AE,United Arab Emirates,,,,,,ChIJvRKrsd9IXj4RpwoIwFYv0zM,7/6/2021,-4,23,-32,-27,-9,8
AE,United Arab Emirates,,,,,,ChIJvRKrsd9IXj4RpwoIwFYv0zM,8/6/2021,-4,24,-31,-27,-10,8
AE,United Arab Emirates,,,,,,ChIJvRKrsd9IXj4RpwoIwFYv0zM,9/6/2021,-3,23,-32,-27,-9,8
AE,United Arab Emirates,,,,,,ChIJvRKrsd9IXj4RpwoIwFYv0zM,10/6/2021,-2,24,-32,-26,-9,8
AE,United Arab Emirates,,,,,,ChIJvRKrsd9IXj4RpwoIwFYv0zM,11/6/2021,-8,19,-43,-33,-5,7
AE,United Arab Emirates,,,,,,ChIJvRKrsd9IXj4RpwoIwFYv0zM,12/6/2021,-6,20,-37,-30,-4,6
AE,United Arab Emirates,,,,,,ChIJvRKrsd9IXj4RpwoIwFYv0zM,13/06/2021,-3,23,-29,-26,-10,7
AE,United Arab Emirates,,,,,,ChIJvRKrsd9IXj4RpwoIwFYv0zM,14/06/2021,-5,22,-32,-28,-11,7
AE,United Arab Emirates,,,,,,ChIJvRKrsd9IXj4RpwoIwFYv0zM,15/06/2021,-6,20,-31,-28,-10,7
AE,United Arab Emirates,,,,,,ChIJvRKrsd9IXj4RpwoIwFYv0zM,16/06/2021,-5,20,-31,-28,-11,7
AE,United Arab Emirates,,,,,,ChIJvRKrsd9IXj4RpwoIwFYv0zM,17/06/2021,-7,18,-33,-29,-12,7
AE,United Arab Emirates,,,,,,ChIJvRKrsd9IXj4RpwoIwFYv0zM,18/06/2021,-12,13,-44,-35,-8,7
AE,United Arab Emirates,,,,,,ChIJvRKrsd9IXj4RpwoIwFYv0zM,19/06/2021,-9,14,-39,-31,-6,5
AE,United Arab Emirates,,,,,,ChIJvRKrsd9IXj4RpwoIwFYv0zM,20/06/2021,-5,20,-31,-27,-12,7
AE,United Arab Emirates,,,,,,ChIJvRKrsd9IXj4RpwoIwFYv0zM,21/06/2021,-8,16,-35,-30,-13,7
AE,United Arab Emirates,,,,,,ChIJvRKrsd9IXj4RpwoIwFYv0zM,22/06/2021,-8,16,-33,-30,-12,7
AE,United Arab Emirates,,,,,,ChIJvRKrsd9IXj4RpwoIwFYv0zM,23/06/2021,-8,16,-35,-29,-12,7
AE,United Arab Emirates,,,,,,ChIJvRKrsd9IXj4RpwoIwFYv0zM,24/06/2021,-6,18,-34,-28,-11,8
AE,United Arab Emirates,,,,,,ChIJvRKrsd9IXj4RpwoIwFYv0zM,25/06/2021,-12,13,-45,-35,-7,7
AE,United Arab Emirates,,,,,,ChIJvRKrsd9IXj4RpwoIwFYv0zM,26/06/2021,-7,16,-38,-30,-4,5
AE,United Arab Emirates,,,,,,ChIJvRKrsd9IXj4RpwoIwFYv0zM,27/06/2021,-3,22,-30,-26,-10,6
AE,United Arab Emirates,,,,,,ChIJvRKrsd9IXj4RpwoIwFYv0zM,28/06/2021,-5,20,-33,-28,-11,6
AE,United Arab Emirates,,,,,,ChIJvRKrsd9IXj4RpwoIwFYv0zM,29/06/2021,-7,18,-34,-29,-12,6
AE,United Arab Emirates,,,,,,ChIJvRKrsd9IXj4RpwoIwFYv0zM,30/06/2021,-4,22,-35,-28,-12,5
AE,United Arab Emirates,,,,,,ChIJvRKrsd9IXj4RpwoIwFYv0zM,1/7/2021,-2,25,-35,-23,-12,7
AE,United Arab Emirates,,,,,,ChIJvRKrsd9IXj4RpwoIwFYv0zM,2/7/2021,-7,19,-46,-29,-6,6
AE,United Arab Emirates,,,,,,ChIJvRKrsd9IXj4RpwoIwFYv0zM,3/7/2021,-4,22,-39,-25,-4,5
AE,United Arab Emirates,,,,,,ChIJvRKrsd9IXj4RpwoIwFYv0zM,4/7/2021,-1,27,-31,-23,-12,6
AE,United Arab Emirates,,,,,,ChIJvRKrsd9IXj4RpwoIwFYv0zM,5/7/2021,-4,23,-34,-26,-12,7
AE,United Arab Emirates,,,,,,ChIJvRKrsd9IXj4RpwoIwFYv0zM,6/7/2021,-4,23,-34,-27,-13,7
AE,United Arab Emirates,,,,,,ChIJvRKrsd9IXj4RpwoIwFYv0zM,7/7/2021,-4,22,-35,-26,-13,7
AE,United Arab Emirates,,,,,,ChIJvRKrsd9IXj4RpwoIwFYv0zM,8/7/2021,-4,22,-35,-26,-13,8
AE,United Arab Emirates,,,,,,ChIJvRKrsd9IXj4RpwoIwFYv0zM,9/7/2021,-10,16,-48,-31,-5,7
AE,United Arab Emirates,,,,,,ChIJvRKrsd9IXj4RpwoIwFYv0zM,10/7/2021,-6,19,-40,-26,-4,5
AE,United Arab Emirates,,,,,,ChIJvRKrsd9IXj4RpwoIwFYv0zM,11/7/2021,-3,23,-33,-25,-13,7
AE,United Arab Emirates,,,,,,ChIJvRKrsd9IXj4RpwoIwFYv0zM,12/7/2021,-6,20,-36,-27,-15,7
AE,United Arab Emirates,,,,,,ChIJvRKrsd9IXj4RpwoIwFYv0zM,13/07/2021,-6,21,-35,-27,-15,7
AE,United Arab Emirates,,,,,,ChIJvRKrsd9IXj4RpwoIwFYv0zM,14/07/2021,-5,22,-37,-27,-14,7
AE,United Arab Emirates,,,,,,ChIJvRKrsd9IXj4RpwoIwFYv0zM,15/07/2021,-6,20,-38,-26,-14,8
AE,United Arab Emirates,,,,,,ChIJvRKrsd9IXj4RpwoIwFYv0zM,16/07/2021,-13,14,-49,-31,-3,7
AE,United Arab Emirates,,,,,,ChIJvRKrsd9IXj4RpwoIwFYv0zM,17/07/2021,-7,16,-38,-27,-3,4
AE,United Arab Emirates,,,,,,ChIJvRKrsd9IXj4RpwoIwFYv0zM,18/07/2021,6,33,-29,-22,-16,5
AE,United Arab Emirates,,,,,,ChIJvRKrsd9IXj4RpwoIwFYv0zM,19/07/2021,2,44,-35,-36,-56,18
AE,United Arab Emirates,,,,,,ChIJvRKrsd9IXj4RpwoIwFYv0zM,20/07/2021,-4,23,-2,-36,-72,20
AE,United Arab Emirates,,,,,,ChIJvRKrsd9IXj4RpwoIwFYv0zM,21/07/2021,-2,23,-3,-40,-68,20
AE,United Arab Emirates,,,,,,ChIJvRKrsd9IXj4RpwoIwFYv0zM,22/07/2021,-12,11,-21,-44,-59,21
AE,United Arab Emirates,,,,,,ChIJvRKrsd9IXj4RpwoIwFYv0zM,23/07/2021,-23,-2,-45,-40,-6,8
AE,United Arab Emirates,,,,,,ChIJvRKrsd9IXj4RpwoIwFYv0zM,24/07/2021,-17,5,-43,-33,-5,6
AE,United Arab Emirates,,,,,,ChIJvRKrsd9IXj4RpwoIwFYv0zM,25/07/2021,-10,14,-34,-29,-14,8
AE,United Arab Emirates,,,,,,ChIJvRKrsd9IXj4RpwoIwFYv0zM,26/07/2021,-11,13,-37,-31,-15,8
AE,United Arab Emirates,,,,,,ChIJvRKrsd9IXj4RpwoIwFYv0zM,27/07/2021,-10,15,-36,-32,-15,7
AE,United Arab Emirates,,,,,,ChIJvRKrsd9IXj4RpwoIwFYv0zM,28/07/2021,-9,15,-37,-31,-14,7
AE,United Arab Emirates,,,,,,ChIJvRKrsd9IXj4RpwoIwFYv0zM,29/07/2021,-10,15,-39,-30,-14,8
AE,United Arab Emirates,,,,,,ChIJvRKrsd9IXj4RpwoIwFYv0zM,30/07/2021,-17,8,-51,-37,-2,7
AE,United Arab Emirates,,,,,,ChIJvRKrsd9IXj4RpwoIwFYv0zM,31/07/2021,-11,13,-44,-30,-3,5
AE,United Arab Emirates,,,,,,ChIJvRKrsd9IXj4RpwoIwFYv0zM,1/8/2021,-5,21,-34,-27,-14,7
AE,United Arab Emirates,,,,,,ChIJvRKrsd9IXj4RpwoIwFYv0zM,2/8/2021,-8,18,-37,-30,-15,7
AE,United Arab Emirates,,,,,,ChIJvRKrsd9IXj4RpwoIwFYv0zM,3/8/2021,-8,18,-36,-30,-15,7
AE,United Arab Emirates,,,,,,ChIJvRKrsd9IXj4RpwoIwFYv0zM,4/8/2021,-8,17,-37,-30,-15,7
AE,United Arab Emirates,,,,,,ChIJvRKrsd9IXj4RpwoIwFYv0zM,5/8/2021,-9,16,-39,-30,-14,8
AE,United Arab Emirates,,,,,,ChIJvRKrsd9IXj4RpwoIwFYv0zM,6/8/2021,-15,10,-51,-35,-4,7
AE,United Arab Emirates,,,,,,ChIJvRKrsd9IXj4RpwoIwFYv0zM,7/8/2021,-11,13,-43,-31,-4,5
AE,United Arab Emirates,,,,,,ChIJvRKrsd9IXj4RpwoIwFYv0zM,8/8/2021,-6,18,-34,-27,-14,7
AE,United Arab Emirates,,,,,,ChIJvRKrsd9IXj4RpwoIwFYv0zM,9/8/2021,-8,16,-38,-29,-15,7
AE,United Arab Emirates,,,,,,ChIJvRKrsd9IXj4RpwoIwFYv0zM,10/8/2021,-8,16,-37,-28,-15,7
AE,United Arab Emirates,,,,,,ChIJvRKrsd9IXj4RpwoIwFYv0zM,11/8/2021,-2,22,-36,-25,-15,5
AE,United Arab Emirates,,,,,,ChIJvRKrsd9IXj4RpwoIwFYv0zM,12/8/2021,-7,21,-36,-41,-55,20
AE,United Arab Emirates,,,,,,ChIJvRKrsd9IXj4RpwoIwFYv0zM,13/08/2021,-17,7,-49,-36,-7,7
AE,United Arab Emirates,,,,,,ChIJvRKrsd9IXj4RpwoIwFYv0zM,14/08/2021,-12,11,-43,-30,-6,5
AE,United Arab Emirates,,,,,,ChIJvRKrsd9IXj4RpwoIwFYv0zM,15/08/2021,-6,18,-35,-25,-14,7
AE,United Arab Emirates,,,,,,ChIJvRKrsd9IXj4RpwoIwFYv0zM,16/08/2021,-9,15,-38,-28,-16,7
AE,United Arab Emirates,,,,,,ChIJvRKrsd9IXj4RpwoIwFYv0zM,17/08/2021,-8,17,-36,-28,-16,7
AE,United Arab Emirates,,,,,,ChIJvRKrsd9IXj4RpwoIwFYv0zM,18/08/2021,-9,16,-36,-28,-15,7
AE,United Arab Emirates,,,,,,ChIJvRKrsd9IXj4RpwoIwFYv0zM,19/08/2021,-9,17,-38,-28,-15,8
AE,United Arab Emirates,,,,,,ChIJvRKrsd9IXj4RpwoIwFYv0zM,20/08/2021,-15,12,-48,-33,-5,7
AE,United Arab Emirates,,,,,,ChIJvRKrsd9IXj4RpwoIwFYv0zM,21/08/2021,-9,14,-39,-28,-8,5
AE,United Arab Emirates,,,,,,ChIJvRKrsd9IXj4RpwoIwFYv0zM,22/08/2021,-6,17,-33,-25,-13,7
AE,United Arab Emirates,,,,,,ChIJvRKrsd9IXj4RpwoIwFYv0zM,23/08/2021,-8,15,-36,-28,-14,7
AE,United Arab Emirates,,,,,,ChIJvRKrsd9IXj4RpwoIwFYv0zM,24/08/2021,-7,16,-34,-27,-14,6
AE,United Arab Emirates,,,,,,ChIJvRKrsd9IXj4RpwoIwFYv0zM,25/08/2021,-5,18,-36,-26,-13,6
AE,United Arab Emirates,,,,,,ChIJvRKrsd9IXj4RpwoIwFYv0zM,26/08/2021,-4,20,-37,-25,-13,7
AE,United Arab Emirates,,,,,,ChIJvRKrsd9IXj4RpwoIwFYv0zM,27/08/2021,-8,16,-47,-31,-5,6
AE,United Arab Emirates,,,,,,ChIJvRKrsd9IXj4RpwoIwFYv0zM,28/08/2021,-4,22,-41,-26,-5,4
AE,United Arab Emirates,,,,,,ChIJvRKrsd9IXj4RpwoIwFYv0zM,29/08/2021,0,26,-32,-22,-12,6
AE,United Arab Emirates,,,,,,ChIJvRKrsd9IXj4RpwoIwFYv0zM,30/08/2021,-3,23,-34,-24,-13,6
AE,United Arab Emirates,,,,,,ChIJvRKrsd9IXj4RpwoIwFYv0zM,31/08/2021,-2,25,-33,-23,-13,5
AE,United Arab Emirates,,,,,,ChIJvRKrsd9IXj4RpwoIwFYv0zM,1/9/2021,0,27,-34,-22,-13,5
AE,United Arab Emirates,,,,,,ChIJvRKrsd9IXj4RpwoIwFYv0zM,2/9/2021,0,26,-34,-22,-12,6
AE,United Arab Emirates,,,,,,ChIJvRKrsd9IXj4RpwoIwFYv0zM,3/9/2021,-4,23,-43,-26,-6,6
AE,United Arab Emirates,,,,,,ChIJvRKrsd9IXj4RpwoIwFYv0zM,4/9/2021,0,27,-37,-23,-6,4
AE,United Arab Emirates,,,,,,ChIJvRKrsd9IXj4RpwoIwFYv0zM,5/9/2021,2,29,-29,-20,-12,5
AE,United Arab Emirates,,,,,,ChIJvRKrsd9IXj4RpwoIwFYv0zM,6/9/2021,-1,25,-33,-22,-13,5
AE,United Arab Emirates,,,,,,ChIJvRKrsd9IXj4RpwoIwFYv0zM,7/9/2021,-2,25,-32,-22,-13,5
AE,United Arab Emirates,,,,,,ChIJvRKrsd9IXj4RpwoIwFYv0zM,8/9/2021,-1,25,-33,-22,-12,5
AE,United Arab Emirates,,,,,,ChIJvRKrsd9IXj4RpwoIwFYv0zM,9/9/2021,0,26,-33,-21,-12,5
AE,United Arab Emirates,,,,,,ChIJvRKrsd9IXj4RpwoIwFYv0zM,10/9/2021,-4,22,-42,-26,-7,6
AE,United Arab Emirates,,,,,,ChIJvRKrsd9IXj4RpwoIwFYv0zM,11/9/2021,-1,25,-35,-22,-6,4
AE,United Arab Emirates,,,,,,ChIJvRKrsd9IXj4RpwoIwFYv0zM,12/9/2021,2,28,-27,-18,-11,5
AE,United Arab Emirates,,,,,,ChIJvRKrsd9IXj4RpwoIwFYv0zM,13/09/2021,-1,24,-30,-21,-12,5
AE,United Arab Emirates,,,,,,ChIJvRKrsd9IXj4RpwoIwFYv0zM,14/09/2021,-1,25,-29,-21,-13,5
AE,United Arab Emirates,,,,,,ChIJvRKrsd9IXj4RpwoIwFYv0zM,15/09/2021,0,26,-31,-20,-12,5
AE,United Arab Emirates,,,,,,ChIJvRKrsd9IXj4RpwoIwFYv0zM,16/09/2021,1,26,-29,-17,-12,5
AE,United Arab Emirates,,,,,,ChIJvRKrsd9IXj4RpwoIwFYv0zM,17/09/2021,-2,24,-39,-23,-8,6
AE,United Arab Emirates,,,,,,ChIJvRKrsd9IXj4RpwoIwFYv0zM,18/09/2021,0,25,-34,-20,-7,4
AE,United Arab Emirates,,,,,,ChIJvRKrsd9IXj4RpwoIwFYv0zM,19/09/2021,2,27,-25,-17,-11,5
AE,United Arab Emirates,,,,,,ChIJvRKrsd9IXj4RpwoIwFYv0zM,20/09/2021,-1,24,-29,-18,-11,5
AE,United Arab Emirates,,,,,,ChIJvRKrsd9IXj4RpwoIwFYv0zM,21/09/2021,-1,24,-27,-19,-11,5
AE,United Arab Emirates,,,,,,ChIJvRKrsd9IXj4RpwoIwFYv0zM,22/09/2021,0,24,-28,-18,-8,5
AE,United Arab Emirates,,,,,,ChIJvRKrsd9IXj4RpwoIwFYv0zM,23/09/2021,2,26,-24,-15,-8,5
AE,United Arab Emirates,,,,,,ChIJvRKrsd9IXj4RpwoIwFYv0zM,24/09/2021,-1,22,-35,-20,-5,5
AE,United Arab Emirates,,,,,,ChIJvRKrsd9IXj4RpwoIwFYv0zM,25/09/2021,1,25,-31,-16,-4,4
AE,United Arab Emirates,,,,,,ChIJvRKrsd9IXj4RpwoIwFYv0zM,26/09/2021,4,29,-24,-13,-7,4
AE,United Arab Emirates,,,,,,ChIJvRKrsd9IXj4RpwoIwFYv0zM,27/09/2021,3,28,-26,-15,-8,4
AE,United Arab Emirates,,,,,,ChIJvRKrsd9IXj4RpwoIwFYv0zM,28/09/2021,3,29,-26,-15,-8,4
AE,United Arab Emirates,,,,,,ChIJvRKrsd9IXj4RpwoIwFYv0zM,29/09/2021,5,31,-27,-14,-8,4
AE,United Arab Emirates,,,,,,ChIJvRKrsd9IXj4RpwoIwFYv0zM,30/09/2021,7,32,-25,-9,-7,4
AE,United Arab Emirates,,,,,,ChIJvRKrsd9IXj4RpwoIwFYv0zM,1/10/2021,6,32,-30,-9,-4,4
AE,United Arab Emirates,,,,,,ChIJvRKrsd9IXj4RpwoIwFYv0zM,2/10/2021,8,36,-28,-8,-4,3
AE,United Arab Emirates,,,,,,ChIJvRKrsd9IXj4RpwoIwFYv0zM,3/10/2021,10,38,-20,-6,-6,4
AE,United Arab Emirates,,,,,,ChIJvRKrsd9IXj4RpwoIwFYv0zM,4/10/2021,7,34,-22,-9,-8,4
AE,United Arab Emirates,,,,,,ChIJvRKrsd9IXj4RpwoIwFYv0zM,5/10/2021,6,34,-22,-9,-8,4
AE,United Arab Emirates,,,,,,ChIJvRKrsd9IXj4RpwoIwFYv0zM,6/10/2021,7,34,-23,-9,-6,4
AE,United Arab Emirates,,,,,,ChIJvRKrsd9IXj4RpwoIwFYv0zM,7/10/2021,8,33,-20,-6,-6,4
AE,United Arab Emirates,,,,,,ChIJvRKrsd9IXj4RpwoIwFYv0zM,8/10/2021,6,32,-25,-6,-5,4
AE,United Arab Emirates,,,,,,ChIJvRKrsd9IXj4RpwoIwFYv0zM,9/10/2021,8,34,-25,-6,-4,3
AE,United Arab Emirates,,,,,,ChIJvRKrsd9IXj4RpwoIwFYv0zM,10/10/2021,10,37,-18,-3,-5,4
AE,United Arab Emirates,,,,,,ChIJvRKrsd9IXj4RpwoIwFYv0zM,11/10/2021,7,34,-19,-5,-5,4
AE,United Arab Emirates,,,,,,ChIJvRKrsd9IXj4RpwoIwFYv0zM,12/10/2021,7,35,-17,-6,-5,4
AE,United Arab Emirates,,,,,,ChIJvRKrsd9IXj4RpwoIwFYv0zM,13/10/2021,8,35,-18,-6,-5,4
AE,United Arab Emirates,,,,,,ChIJvRKrsd9IXj4RpwoIwFYv0zM,14/10/2021,9,35,-15,-4,-5,4
AE,United Arab Emirates,,,,,,ChIJvRKrsd9IXj4RpwoIwFYv0zM,15/10/2021,6,31,-18,-2,-4,4
AE,United Arab Emirates,,,,,,ChIJvRKrsd9IXj4RpwoIwFYv0zM,16/10/2021,8,34,-19,-3,-3,3
AE,United Arab Emirates,,,,,,ChIJvRKrsd9IXj4RpwoIwFYv0zM,17/10/2021,12,38,-11,0,-6,4
AE,United Arab Emirates,,,,,,ChIJvRKrsd9IXj4RpwoIwFYv0zM,18/10/2021,9,34,-13,-3,-7,4
AE,United Arab Emirates,,,,,,ChIJvRKrsd9IXj4RpwoIwFYv0zM,19/10/2021,10,34,-12,-3,-8,4
AE,United Arab Emirates,,,,,,ChIJvRKrsd9IXj4RpwoIwFYv0zM,20/10/2021,18,41,-6,3,-7,2
AE,United Arab Emirates,,,,,,ChIJvRKrsd9IXj4RpwoIwFYv0zM,21/10/2021,16,44,18,-11,-56,17
AE,United Arab Emirates,,,,,,ChIJvRKrsd9IXj4RpwoIwFYv0zM,22/10/2021,5,29,-6,-3,-5,3
AE,United Arab Emirates,,,,,,ChIJvRKrsd9IXj4RpwoIwFYv0zM,23/10/2021,6,32,-14,-3,-2,3
AE,United Arab Emirates,,,,,,ChIJvRKrsd9IXj4RpwoIwFYv0zM,24/10/2021,8,32,-12,-1,-4,4
AE,United Arab Emirates,,,,,,ChIJvRKrsd9IXj4RpwoIwFYv0zM,25/10/2021,8,35,-12,-3,-4,4
AE,United Arab Emirates,,,,,,ChIJvRKrsd9IXj4RpwoIwFYv0zM,26/10/2021,9,35,-11,-3,-4,4
AE,United Arab Emirates,,,,,,ChIJvRKrsd9IXj4RpwoIwFYv0zM,27/10/2021,12,39,-11,-1,-3,3
AE,United Arab Emirates,,,,,,ChIJvRKrsd9IXj4RpwoIwFYv0zM,28/10/2021,13,40,-5,0,-3,3
AE,United Arab Emirates,,,,,,ChIJvRKrsd9IXj4RpwoIwFYv0zM,29/10/2021,10,35,-8,1,0,3
AE,United Arab Emirates,,,,,,ChIJvRKrsd9IXj4RpwoIwFYv0zM,30/10/2021,13,41,-11,3,0,2
AE,United Arab Emirates,,,,,,ChIJvRKrsd9IXj4RpwoIwFYv0zM,31/10/2021,17,45,-7,5,-2,3
AE,United Arab Emirates,,,,,,ChIJvRKrsd9IXj4RpwoIwFYv0zM,1/11/2021,15,45,-9,2,-3,3
AE,United Arab Emirates,,,,,,ChIJvRKrsd9IXj4RpwoIwFYv0zM,2/11/2021,17,48,-8,2,-3,3
AE,United Arab Emirates,,,,,,ChIJvRKrsd9IXj4RpwoIwFYv0zM,3/11/2021,16,45,-8,3,-3,3
AE,United Arab Emirates,,,,,,ChIJvRKrsd9IXj4RpwoIwFYv0zM,4/11/2021,18,45,-1,4,-6,5
AE,United Arab Emirates,,,,,,ChIJvRKrsd9IXj4RpwoIwFYv0zM,5/11/2021,13,37,-3,2,-2,3
AE,United Arab Emirates,,,,,,ChIJvRKrsd9IXj4RpwoIwFYv0zM,6/11/2021,14,40,-7,3,-1,3
AE,United Arab Emirates,,,,,,ChIJvRKrsd9IXj4RpwoIwFYv0zM,7/11/2021,17,44,-2,7,-2,4
AE,United Arab Emirates,,,,,,ChIJvRKrsd9IXj4RpwoIwFYv0zM,8/11/2021,14,40,-5,4,-3,4
AE,United Arab Emirates,,,,,,ChIJvRKrsd9IXj4RpwoIwFYv0zM,9/11/2021,15,41,-2,3,-3,4
AE,United Arab Emirates,,,,,,ChIJvRKrsd9IXj4RpwoIwFYv0zM,10/11/2021,16,42,-3,5,-2,3
AE,United Arab Emirates,,,,,,ChIJvRKrsd9IXj4RpwoIwFYv0zM,11/11/2021,16,39,2,6,-2,4
AE,United Arab Emirates,,,,,,ChIJvRKrsd9IXj4RpwoIwFYv0zM,12/11/2021,17,39,4,7,1,2
AE,United Arab Emirates,,,,,,ChIJvRKrsd9IXj4RpwoIwFYv0zM,13/11/2021,16,40,-2,7,0,3
AE,United Arab Emirates,,,,,,ChIJvRKrsd9IXj4RpwoIwFYv0zM,14/11/2021,19,43,2,12,-1,4
AE,United Arab Emirates,,,,,,ChIJvRKrsd9IXj4RpwoIwFYv0zM,15/11/2021,16,41,-1,9,-2,4
AE,United Arab Emirates,,,,,,ChIJvRKrsd9IXj4RpwoIwFYv0zM,16/11/2021,17,42,2,8,-2,4
AE,United Arab Emirates,,,,,,ChIJvRKrsd9IXj4RpwoIwFYv0zM,17/11/2021,17,42,1,7,-2,4
AE,United Arab Emirates,,,,,,ChIJvRKrsd9IXj4RpwoIwFYv0zM,18/11/2021,17,41,6,10,-2,4
AE,United Arab Emirates,,,,,,ChIJvRKrsd9IXj4RpwoIwFYv0zM,19/11/2021,13,38,7,7,3,3
AE,United Arab Emirates,,,,,,ChIJvRKrsd9IXj4RpwoIwFYv0zM,20/11/2021,14,39,0,7,3,3
AE,United Arab Emirates,,,,,,ChIJvRKrsd9IXj4RpwoIwFYv0zM,21/11/2021,18,43,4,10,0,4
AE,United Arab Emirates,,,,,,ChIJvRKrsd9IXj4RpwoIwFYv0zM,22/11/2021,15,40,1,6,-1,4
AE,United Arab Emirates,,,,,,ChIJvRKrsd9IXj4RpwoIwFYv0zM,23/11/2021,15,41,2,5,-1,4
AE,United Arab Emirates,,,,,,ChIJvRKrsd9IXj4RpwoIwFYv0zM,24/11/2021,17,42,2,6,0,4
AE,United Arab Emirates,,,,,,ChIJvRKrsd9IXj4RpwoIwFYv0zM,25/11/2021,19,44,7,11,-1,4
AE,United Arab Emirates,,,,,,ChIJvRKrsd9IXj4RpwoIwFYv0zM,26/11/2021,19,44,8,16,5,2
AE,United Arab Emirates,,,,,,ChIJvRKrsd9IXj4RpwoIwFYv0zM,27/11/2021,20,45,2,12,5,2
AE,United Arab Emirates,,,,,,ChIJvRKrsd9IXj4RpwoIwFYv0zM,28/11/2021,24,51,7,14,0,3
AE,United Arab Emirates,,,,,,ChIJvRKrsd9IXj4RpwoIwFYv0zM,29/11/2021,22,46,5,11,-1,3
AE,United Arab Emirates,,,,,,ChIJvRKrsd9IXj4RpwoIwFYv0zM,30/11/2021,30,56,14,16,-2,1
AE,United Arab Emirates,,,,,,ChIJvRKrsd9IXj4RpwoIwFYv0zM,1/12/2021,42,74,60,5,-52,11
AE,United Arab Emirates,,,,,,ChIJvRKrsd9IXj4RpwoIwFYv0zM,2/12/2021,30,55,86,4,-62,15
AE,United Arab Emirates,,,,,,ChIJvRKrsd9IXj4RpwoIwFYv0zM,3/12/2021,15,38,20,11,1,1
AE,United Arab Emirates,,,,,,ChIJvRKrsd9IXj4RpwoIwFYv0zM,4/12/2021,16,41,3,10,2,3
AE,United Arab Emirates,,,,,,ChIJvRKrsd9IXj4RpwoIwFYv0zM,5/12/2021,22,50,7,15,0,4
AE,United Arab Emirates,,,,,,ChIJvRKrsd9IXj4RpwoIwFYv0zM,6/12/2021,19,46,3,10,-1,4
AE,United Arab Emirates,,,,,,ChIJvRKrsd9IXj4RpwoIwFYv0zM,7/12/2021,19,47,5,9,0,4
AE,United Arab Emirates,,,,,,ChIJvRKrsd9IXj4RpwoIwFYv0zM,8/12/2021,22,48,6,10,2,4
AE,United Arab Emirates,,,,,,ChIJvRKrsd9IXj4RpwoIwFYv0zM,9/12/2021,18,44,9,11,2,4
AE,United Arab Emirates,,,,,,ChIJvRKrsd9IXj4RpwoIwFYv0zM,10/12/2021,14,41,12,10,11,3
AE,United Arab Emirates,,,,,,ChIJvRKrsd9IXj4RpwoIwFYv0zM,11/12/2021,18,42,9,11,8,3
AE,United Arab Emirates,,,,,,ChIJvRKrsd9IXj4RpwoIwFYv0zM,12/12/2021,25,50,18,14,-2,4
AE,United Arab Emirates,,,,,,ChIJvRKrsd9IXj4RpwoIwFYv0zM,13/12/2021,21,46,10,10,-3,5
AE,United Arab Emirates,,,,,,ChIJvRKrsd9IXj4RpwoIwFYv0zM,14/12/2021,21,47,12,10,-3,5
AE,United Arab Emirates,,,,,,ChIJvRKrsd9IXj4RpwoIwFYv0zM,15/12/2021,22,48,11,11,-2,5
AE,United Arab Emirates,,,,,,ChIJvRKrsd9IXj4RpwoIwFYv0zM,16/12/2021,20,45,12,11,-3,5
AE,United Arab Emirates,,,,,,ChIJvRKrsd9IXj4RpwoIwFYv0zM,17/12/2021,16,41,16,11,12,2
AE,United Arab Emirates,,,,,,ChIJvRKrsd9IXj4RpwoIwFYv0zM,18/12/2021,18,40,9,10,8,2
AE,United Arab Emirates,,,,,,ChIJvRKrsd9IXj4RpwoIwFYv0zM,19/12/2021,24,49,15,12,-4,5
AE,United Arab Emirates,,,,,,ChIJvRKrsd9IXj4RpwoIwFYv0zM,20/12/2021,21,45,12,8,-5,5
AE,United Arab Emirates,,,,,,ChIJvRKrsd9IXj4RpwoIwFYv0zM,21/12/2021,21,46,14,7,-5,5
AE,United Arab Emirates,,,,,,ChIJvRKrsd9IXj4RpwoIwFYv0zM,22/12/2021,23,48,12,8,-5,5
AE,United Arab Emirates,,,,,,ChIJvRKrsd9IXj4RpwoIwFYv0zM,23/12/2021,20,49,13,8,-5,6
AE,United Arab Emirates,,,,,,ChIJvRKrsd9IXj4RpwoIwFYv0zM,24/12/2021,15,44,11,8,14,2
AE,United Arab Emirates,,,,,,ChIJvRKrsd9IXj4RpwoIwFYv0zM,25/12/2021,17,38,13,6,1,3
AE,United Arab Emirates,,,,,,ChIJvRKrsd9IXj4RpwoIwFYv0zM,26/12/2021,25,48,17,8,-7,6
AE,United Arab Emirates,,,,,,ChIJvRKrsd9IXj4RpwoIwFYv0zM,27/12/2021,23,46,16,5,-7,6
AE,United Arab Emirates,,,,,,ChIJvRKrsd9IXj4RpwoIwFYv0zM,28/12/2021,24,48,18,5,-8,6
AE,United Arab Emirates,,,,,,ChIJvRKrsd9IXj4RpwoIwFYv0zM,29/12/2021,26,51,16,5,-8,6
AE,United Arab Emirates,,,,,,ChIJvRKrsd9IXj4RpwoIwFYv0zM,30/12/2021,23,53,16,6,-8,7
AE,United Arab Emirates,,,,,,ChIJvRKrsd9IXj4RpwoIwFYv0zM,31/12/2021,15,45,23,11,15,2
AE,United Arab Emirates,,,,,,ChIJvRKrsd9IXj4RpwoIwFYv0zM,1/1/2022,14,36,11,-1,-43,11
AE,United Arab Emirates,,,,,,ChIJvRKrsd9IXj4RpwoIwFYv0zM,2/1/2022,28,63,13,-3,-37,15
AE,United Arab Emirates,,,,,,ChIJvRKrsd9IXj4RpwoIwFYv0zM,3/1/2022,15,45,-4,4,-3,8
AE,United Arab Emirates,,,,,,ChIJvRKrsd9IXj4RpwoIwFYv0zM,4/1/2022,15,47,-2,3,-5,8
AE,United Arab Emirates,,,,,,ChIJvRKrsd9IXj4RpwoIwFYv0zM,5/1/2022,14,45,-5,0,-5,9
AE,United Arab Emirates,,,,,,ChIJvRKrsd9IXj4RpwoIwFYv0zM,6/1/2022,5,35,-9,-4,-4,11
AE,United Arab Emirates,,,,,,ChIJvRKrsd9IXj4RpwoIwFYv0zM,7/1/2022,4,33,-17,9,138,-1
AE,United Arab Emirates,,,,,,ChIJvRKrsd9IXj4RpwoIwFYv0zM,8/1/2022,15,45,9,2,-4,7
AE,United Arab Emirates,,,,,,ChIJvRKrsd9IXj4RpwoIwFYv0zM,9/1/2022,22,62,16,-10,-45,17
AE,United Arab Emirates,,,,,,ChIJvRKrsd9IXj4RpwoIwFYv0zM,10/1/2022,10,42,-9,1,-6,9
AE,United Arab Emirates,,,,,,ChIJvRKrsd9IXj4RpwoIwFYv0zM,11/1/2022,10,43,-6,-2,-6,9
AE,United Arab Emirates,,,,,,ChIJvRKrsd9IXj4RpwoIwFYv0zM,12/1/2022,10,43,-6,-3,-6,10
AE,United Arab Emirates,,,,,,ChIJvRKrsd9IXj4RpwoIwFYv0zM,13/01/2022,2,33,-11,-6,-5,12
AE,United Arab Emirates,,,,,,ChIJvRKrsd9IXj4RpwoIwFYv0zM,14/01/2022,4,31,-15,9,144,-2
AE,United Arab Emirates,,,,,,ChIJvRKrsd9IXj4RpwoIwFYv0zM,15/01/2022,15,43,12,1,-4,6
AE,United Arab Emirates,,,,,,ChIJvRKrsd9IXj4RpwoIwFYv0zM,16/01/2022,20,55,9,-13,-48,18
